в,3.6888794541139363
сет,1.742969305058623
появ,2.302585092994046
виде,2.302585092994046
празднован,3.6888794541139363
игрок,1.742969305058623
цска,2.5902671654458267
кубок,2.5902671654458267
гагарин,2.5902671654458267
московск,2.5902671654458267
отпразднова,3.6888794541139363
побед,1.491654876777717
в,0.0
фина,2.5902671654458267
пле,1.8971199848858813
офф,1.8971199848858813
континентальн,2.302585092994046
хоккейн,1.8971199848858813
лиг,1.742969305058623
кхл,2.302585092994046
прот,1.8971199848858813
омск,2.5902671654458267
авангард,2.302585092994046
переда,2.0794415416798357
спорт,2.5902671654458267
экспресс,3.6888794541139363
был,1.491654876777717
опубликова,2.5902671654458267
тог,2.0794415416798357
как,0.9808292530117262
армеец,3.6888794541139363
радова,3.6888794541139363
завоеван,3.6888794541139363
перв,1.2039728043259361
истор,1.8971199848858813
сво,0.8556661100577203
клуб,1.6094379124341003
хоккеист,2.302585092994046
расплескива,3.6888794541139363
шампанск,3.6888794541139363
по,0.7444404749474958
раздевалк,3.6888794541139363
и,0.13353139262452257
весел,3.6888794541139363
четверт,2.0794415416798357
матч,1.2909841813155658
заверш,2.302585092994046
овертайм,2.5902671654458267
со,1.2039728043259361
счет,1.491654876777717
3,1.3862943611198906
2,1.6094379124341003
столичн,2.995732273553991
команд,1.1239300966523995
одолет,2.995732273553991
соперник,1.8971199848858813
всех,1.8971199848858813
четырех,2.995732273553991
игр,1.742969305058623
сер,2.0794415416798357
ран,1.2909841813155658
национальн,2.0794415416798357
нхл,1.8971199848858813
миннесот,3.6888794541139363
уайлд,3.6888794541139363
поздрав,3.6888794541139363
напада,1.742969305058623
кирилл,3.6888794541139363
капризов,3.6888794541139363
с,0.22314355131420976
 ,1.742969305058623
орланд,3.6888794541139363
проигра,2.995732273553991
торонт,3.6888794541139363
пуст,3.6888794541139363
вперед,3.6888794541139363
"
",0.1923718926474561
пройт,1.8971199848858813
22,2.0794415416798357
апрел,1.3862943611198906
мэджик,3.6888794541139363
на,0.22314355131420976
площадк,2.995732273553991
принима,2.302585092994046
рэпторс,3.6888794541139363
рамк,2.5902671654458267
трет,1.8971199848858813
четвертьфинальн,3.6888794541139363
стад,2.995732273553991
восточн,2.995732273553991
конференц,2.0794415416798357
законч,3.6888794541139363
гост,3.6888794541139363
98,3.6888794541139363
93,3.6888794541139363
сам,1.8971199848858813
результативн,2.995732273553991
стат,0.9808292530117262
паскал,3.6888794541139363
сиак,3.6888794541139363
котор,0.5978370007556204
набра,2.995732273553991
30,2.5902671654458267
очк,2.5902671654458267
сдела,1.8971199848858813
11,3.6888794541139363
подбор,2.995732273553991
у,1.6094379124341003
больш,1.6094379124341003
защитник,2.995732273553991
терренс,3.6888794541139363
росс,1.3862943611198906
–,1.3862943611198906
24,2.995732273553991
балл,2.995732273553991
выйт,2.5902671654458267
1,2.0794415416798357
следующ,3.6888794541139363
главн,1.8971199848858813
тренер,1.8971199848858813
анж,3.6888794541139363
магомед,3.6888794541139363
ад,3.6888794541139363
рассказа,1.742969305058623
о,0.9808292530117262
подготовк,3.6888794541139363
к,0.8556661100577203
го,2.995732273553991
тур,2.995732273553991
рпл,3.6888794541139363
ахмат,3.6888794541139363
перед,2.5902671654458267
всегд,3.6888794541139363
волнительн,3.6888794541139363
друг,1.491654876777717
сторон,2.0794415416798357
настроен,3.6888794541139363
не,0.5108256237659907
может,1.6094379124341003
быт,0.9162907318741551
плох,2.995732273553991
наш,2.302585092994046
ситуац,2.5902671654458267
единствен,3.6888794541139363
плюс,3.6888794541139363
поэт,2.995732273553991
люб,2.0794415416798357
мы,1.0498221244986776
готов,2.302585092994046
хорош,2.5902671654458267
сказа,1.742969305058623
эфир,3.6888794541139363
телекана,3.6888794541139363
тв,3.6888794541139363
состоя,2.302585092994046
19,2.0794415416798357
нача,1.742969305058623
мск,3.6888794541139363
олимпийск,2.995732273553991
чемпионк,3.6888794541139363
алин,3.6888794541139363
загитов,3.6888794541139363
что,0.3930425881096072
придава,3.6888794541139363
е,1.3862943611198906
мотивац,3.6888794541139363
для,0.7444404749474958
тренировк,3.6888794541139363
выступлен,2.5902671654458267
спортсменк,3.6888794541139363
призна,2.995732273553991
представля,2.5902671654458267
жизн,2.5902671654458267
без,2.995732273553991
фигурн,2.995732273553991
катан,2.995732273553991
я,1.742969305058623
получа,2.995732273553991
вниман,2.995732273553991
посл,1.8971199848858813
олимпиад,3.6888794541139363
2018,3.6888794541139363
отмет,1.6094379124341003
слов,1.742969305058623
привод,2.995732273553991
японск,3.6888794541139363
сайт,2.0794415416798357
number,3.6888794541139363
web,3.6888794541139363
при,1.1239300966523995
эт,0.43078291609245434
фигуристк,3.6888794541139363
добав,2.995732273553991
он,0.9808292530117262
измен,3.6888794541139363
оста,2.5902671654458267
так,0.9162907318741551
же,2.0794415416798357
прежд,2.995732273553991
мечт,3.6888794541139363
очен,2.0794415416798357
важн,2.302585092994046
мен,2.995732273553991
осознан,3.6888794541139363
мо,2.995732273553991
помога,2.995732273553991
мне,3.6888794541139363
поясн,3.6888794541139363
неудач,3.6888794541139363
имен,2.302585092994046
мысл,3.6888794541139363
позволя,2.302585092994046
об,1.2909841813155658
всем,2.0794415416798357
заб,2.5902671654458267
продолжа,2.995732273553991
работа,2.995732273553991
хотет,2.302585092994046
далек,3.6888794541139363
ката,3.6888794541139363
ошибк,2.995732273553991
сезон,1.742969305058623
2017/18,2.995732273553991
ближайш,1.8971199848858813
чемпионат,1.6094379124341003
франц,3.6888794541139363
псж,2.995732273553991
сыгра,2.5902671654458267
монак,3.6888794541139363
специальн,3.6888794541139363
футболк,3.6888794541139363
изображен,3.6888794541139363
собор,3.6888794541139363
парижск,3.6888794541139363
богоматер,3.6888794541139363
сообща,1.491654876777717
намер,2.995732273553991
собра,3.6888794541139363
средств,2.995732273553991
восстановлен,3.6888794541139363
серьезн,2.5902671654458267
пострада,3.6888794541139363
от,0.9808292530117262
пожар,3.6888794541139363
15,2.5902671654458267
досрочн,3.6888794541139363
оформлен,3.6888794541139363
чемпионск,3.6888794541139363
титул,3.6888794541139363
достаточн,2.995732273553991
внич,3.6888794541139363
встреч,2.0794415416798357
межд,2.995732273553991
21,3.6888794541139363
00,2.995732273553991
штырк,3.6888794541139363
попаст,2.995732273553991
больниц,3.6888794541139363
за,0.6931471805599453
ден,2.302585092994046
до,1.3862943611198906
ufc,3.6888794541139363
питер,3.6888794541139363
бо,3.6888794541139363
отмен,3.6888794541139363
американск,3.6888794541139363
боец,3.6888794541139363
дэвин,3.6888794541139363
кларк,3.6888794541139363
сообщ,2.0794415416798357
ег,1.3862943611198906
россиянин,2.5902671654458267
ива,3.6888794541139363
штырков,3.6888794541139363
поединок,3.6888794541139363
должн,1.6094379124341003
20,2.302585092994046
турнир,2.5902671654458267
санкт,2.995732273553991
петербург,2.995732273553991
поблагодар,3.6888794541139363
вас,3.6888794541139363
поддержк,2.995732273553991
сожален,3.6888794541139363
заболет,3.6888794541139363
сейчас,2.5902671654458267
наход,2.995732273553991
ещ,1.6094379124341003
раз,2.302585092994046
спасиб,3.6888794541139363
мног,1.742969305058623
знач,2.995732273553991
инстагр,3.6888794541139363
медвед,3.6888794541139363
вперв,2.5902671654458267
обыгра,3.6888794541139363
джокович,3.6888794541139363
2019,1.8971199848858813
17,3.6888794541139363
42,3.6888794541139363
российск,2.995732273553991
теннисист,3.6888794541139363
дан,1.2909841813155658
серб,3.6888794541139363
новак,3.6888794541139363
четвертьфина,2.5902671654458267
atp,3.6888794541139363
монт,3.6888794541139363
карл,3.6888794541139363
час,2.995732273553991
минут,2.5902671654458267
три,2.0794415416798357
эйс,3.6888794541139363
две,3.6888794541139363
двойн,3.6888794541139363
ракетк,3.6888794541139363
мир,1.742969305058623
четыр,2.302585092994046
карьер,2.995732273553991
предыдущ,3.6888794541139363
заканчива,3.6888794541139363
польз,2.995732273553991
сербск,3.6888794541139363
6,2.995732273553991
4,2.302585092994046
полуфина,2.995732273553991
10,2.302585092994046
встрет,3.6888794541139363
душан,3.6888794541139363
лайович,3.6888794541139363
48,3.6888794541139363
й,3.6888794541139363
рейтинг,2.995732273553991
синхронистк,3.6888794541139363
рф,3.6888794541139363
выигра,3.6888794541139363
техническ,2.995732273553991
программ,2.5902671654458267
этап,2.995732273553991
миров,2.995732273553991
вчер,2.995732273553991
44,3.6888794541139363
9229,3.6888794541139363
казан,3.6888794541139363
ри,3.6888794541139363
новост,2.995732273553991
сборн,2.5902671654458267
командн,3.6888794541139363
соревнован,3.6888794541139363
синхрон,3.6888794541139363
плаван,3.6888794541139363
проход,3.6888794541139363
совмест,3.6888794541139363
россиянк,3.6888794541139363
получ,1.8971199848858813
оценк,2.995732273553991
95,3.6888794541139363
3411,3.6888794541139363
втор,2.5902671654458267
мест,1.6094379124341003
заня,2.302585092994046
белорусс,2.995732273553991
83,3.6888794541139363
4736,3.6888794541139363
венгр,3.6888794541139363
78,2.995732273553991
4414,3.6888794541139363
84,3.6888794541139363
9964,3.6888794541139363
москв,2.302585092994046
5767,3.6888794541139363
пресс,2.995732273553991
атташ,3.6888794541139363
федерац,2.995732273553991
ффккр,3.6888794541139363
ольг,3.6888794541139363
ермолин,3.6888794541139363
осуд,2.995732273553991
известн,2.302585092994046
журналистк,3.6888794541139363
ел,3.6888794541139363
вайцеховск,3.6888794541139363
критик,3.6888794541139363
метод,2.302585092994046
работ,1.3862943611198906
этер,3.6888794541139363
тутберидз,3.6888794541139363
подчеркнут,2.995732273553991
высказыва,3.6888794541139363
лиш,2.302585092994046
собствен,2.995732273553991
позиц,3.6888794541139363
а,0.7444404749474958
говор,2.0794415416798357
реальн,3.6888794541139363
уж,1.2909841813155658
смешн,2.995732273553991
чита,3.6888794541139363
очередн,2.995732273553991
опус,3.6888794541139363
госпож,3.6888794541139363
выпад,3.6888794541139363
адрес,3.6888794541139363
написа,2.995732273553991
страниц,3.6888794541139363
facebook,3.6888794541139363
мнен,2.995732273553991
журналист,1.742969305058623
объективн,2.995732273553991
специалист,2.5902671654458267
убед,3.6888794541139363
игнорирова,3.6888794541139363
факт,2.995732273553991
дела,2.995732273553991
умозаключен,3.6888794541139363
исход,3.6888794541139363
из,0.8556661100577203
личн,2.995732273553991
симпат,3.6888794541139363
антипат,3.6888794541139363
сегодн,1.8971199848858813
все,1.2909841813155658
каса,2.995732273553991
ученик,3.6888794541139363
писа,2.995732273553991
примерн,3.6888794541139363
схем,2.5902671654458267
заяв,1.8971199848858813
тольк,1.8971199848858813
вот,3.6888794541139363
прогноз,2.995732273553991
имет,2.302585092994046
нич,2.995732273553991
общ,2.995732273553991
послед,3.6888794541139363
реальност,3.6888794541139363
туринск,2.995732273553991
ювентус,2.995732273553991
криштиан,3.6888794541139363
роналд,3.6888794541139363
показа,3.6888794541139363
стран,2.5902671654458267
жест,3.6888794541139363
голландск,3.6888794541139363
аякс,2.995732273553991
чемпион,2.5902671654458267
советск,2.995732273553991
уход,2.5902671654458267
пол,2.995732273553991
форвард,2.302585092994046
провест,2.302585092994046
рук,2.995732273553991
возл,3.6888794541139363
пят,2.5902671654458267
точк,3.6888794541139363
намека,3.6888794541139363
распространен,2.995732273553991
зап,2.995732273553991
пользовател,2.0794415416798357
социальн,2.5902671654458267
португальск,3.6888794541139363
футболист,2.5902671654458267
поступок,3.6888794541139363
поражен,3.6888794541139363
стар,3.6888794541139363
синьор,3.6888794541139363
полузащитник,2.995732273553991
хедир,3.6888794541139363
пропуст,3.6888794541139363
остаток,3.6888794541139363
травм,2.5902671654458267
экс,3.6888794541139363
тоттенхэм,2.995732273553991
англ,2.995732273553991
джермэйн,3.6888794541139363
дженас,3.6888794541139363
выраз,3.6888794541139363
манчестер,2.5902671654458267
юнайтед,2.5902671654458267
потороп,3.6888794541139363
назнач,2.995732273553991
ол,3.6888794541139363
гуннар,2.995732273553991
сульшер,2.995732273553991
нов,0.9808292530117262
наставник,3.6888794541139363
увольнен,3.6888794541139363
жоз,3.6888794541139363
моурин,3.6888794541139363
ли,2.302585092994046
решен,1.491654876777717
верн,3.6888794541139363
нет,2.0794415416798357
чувствова,3.6888794541139363
принят,3.6888794541139363
эмоц,2.5902671654458267
хот,3.6888794541139363
продума,3.6888794541139363
логичн,2.995732273553991
долгосрочн,3.6888794541139363
перспектив,3.6888794541139363
один,2.302585092994046
вещ,2.302585092994046
уйт,2.302585092994046
переста,2.302585092994046
пут,3.6888794541139363
мю,3.6888794541139363
привыкнут,3.6888794541139363
то,1.491654876777717
сэр,3.6888794541139363
алекс,2.302585092994046
фергюсон,3.6888794541139363
уникальн,2.995732273553991
оказа,2.5902671654458267
трудн,3.6888794541139363
воспроизвест,3.6888794541139363
помощ,1.6094379124341003
лучш,1.8971199848858813
планет,3.6888794541139363
когд,2.302585092994046
гвардиол,3.6888794541139363
прийт,2.302585092994046
сит,3.6888794541139363
том,1.3862943611198906
манчин,3.6888794541139363
пеллегрин,3.6888794541139363
клопп,3.6888794541139363
ливерпул,2.995732273553991
стил,3.6888794541139363
нужн,2.995732273553991
дума,3.6888794541139363
им,2.995732273553991
над,2.5902671654458267
иска,3.6888794541139363
кто,2.302585092994046
приблиз,3.6888794541139363
необходим,2.302585092994046
найт,2.302585092994046
индивидуальн,3.6888794541139363
пыта,2.995732273553991
но,1.1239300966523995
реш,2.995732273553991
нег,2.5902671654458267
став,2.5902671654458267
знат,2.5902671654458267
да,3.6888794541139363
полага,3.6888794541139363
эмоциональн,3.6888794541139363
прода,3.6888794541139363
ромел,3.6888794541139363
лукак,3.6888794541139363
информац,1.8971199848858813
the,2.995732273553991
telegraph,3.6888794541139363
красн,3.6888794541139363
дьявол,3.6888794541139363
ул,3.6888794541139363
кадров,2.995732273553991
изменен,2.5902671654458267
ест,2.5902671654458267
вероятн,2.5902671654458267
бельгийск,3.6888794541139363
одн,1.6094379124341003
покинут,2.995732273553991
однак,2.5902671654458267
руководств,2.995732273553991
ждат,1.8971199848858813
достойн,3.6888794541139363
предложен,3.6888794541139363
сфер,2.5902671654458267
интерес,2.302585092994046
миланск,2.995732273553991
интер,2.995732273553991
французск,3.6888794541139363
мюнхенск,3.6888794541139363
бавар,3.6888794541139363
агент,2.995732273553991
спортсм,3.6888794541139363
предпочест,3.6888794541139363
бы,2.5902671654458267
итал,2.5902671654458267
вратар,2.995732273553991
извин,3.6888794541139363
гол,2.995732273553991
месс,2.995732273553991
хокк,2.995732273553991
фхб,3.6888794541139363
рассматрива,3.6888794541139363
повестк,3.6888794541139363
вопрос,2.302585092994046
отз,3.6888794541139363
минск,3.6888794541139363
динам,3.6888794541139363
соста,2.5902671654458267
сих,2.995732273553991
пор,2.995732273553991
момент,2.302585092994046
тасс,3.6888794541139363
служб,2.5902671654458267
2018/19,3.6888794541139363
предпоследн,3.6888794541139363
одиннадцат,3.6888794541139363
турнирн,3.6888794541139363
таблиц,3.6888794541139363
западн,3.6888794541139363
президент,2.995732273553991
александр,2.995732273553991
лукашенк,3.6888794541139363
послан,3.6888794541139363
народ,3.6888794541139363
собран,3.6888794541139363
коснут,3.6888794541139363
поддержа,2.5902671654458267
бомбардир,2.995732273553991
ил,1.6094379124341003
михеев,3.6888794541139363
есл,2.302585092994046
захотет,3.6888794541139363
отправ,2.302585092994046
председател,2.995732273553991
совет,2.995732273553991
директор,2.995732273553991
крыл,3.6888794541139363
регулярн,2.995732273553991
45,3.6888794541139363
23,2.995732273553991
+,2.302585092994046
поддержива,3.6888794541139363
илюх,3.6888794541139363
чтоб,2.302585092994046
уеха,2.995732273553991
северн,2.995732273553991
америк,2.995732273553991
попробова,3.6888794541139363
сил,2.995732273553991
прав,2.302585092994046
запреща,3.6888794541139363
конечн,2.995732273553991
назад,3.6888794541139363
дат,2.995732273553991
ем,2.302585092994046
этот,2.302585092994046
шанс,3.6888794541139363
разумеет,3.6888794541139363
понадоб,3.6888794541139363
усилен,3.6888794541139363
идт,2.995732273553991
нынешн,3.6888794541139363
проблем,2.302585092994046
ар,2.5902671654458267
подмосковн,3.6888794541139363
балаших,2.995732273553991
неправд,3.6888794541139363
поеха,3.6888794541139363
игра,2.995732273553991
ни,2.995732273553991
подписа,3.6888794541139363
услов,3.6888794541139363
даж,2.5902671654458267
емелин,3.6888794541139363
прост,2.995732273553991
договор,2.995732273553991
год,1.1239300966523995
там,2.995732273553991
принципиальн,3.6888794541139363
никогд,3.6888794541139363
стоя,3.6888794541139363
ограничен,2.995732273553991
функционер,3.6888794541139363
макс,3.6888794541139363
мамин,3.6888794541139363
прокомментирова,3.6888794541139363
sport24,3.6888794541139363
армейц,3.6888794541139363
завоева,3.6888794541139363
впечатлен,3.6888794541139363
радостн,3.6888794541139363
смотрет,3.6888794541139363
лиц,2.0794415416798357
партнер,1.8971199848858813
сем,3.6888794541139363
обнима,3.6888794541139363
либ,2.995732273553991
испытыва,3.6888794541139363
!,3.6888794541139363
зря,3.6888794541139363
возвраща,3.6888794541139363
флорид,3.6888794541139363
моч,1.6094379124341003
мечта,3.6888794541139363
настро,3.6888794541139363
вернут,3.6888794541139363
попразднова,3.6888794541139363
выступа,1.8971199848858813
пантерз,3.6888794541139363
цен,2.0794415416798357
подел,3.6888794541139363
/московск,3.6888794541139363
область/,3.6888794541139363
/тасс/,2.995732273553991
межсезон,3.6888794541139363
пятниц,3.6888794541139363
игор,3.6888794541139363
есмантович,3.6888794541139363
переигра,3.6888794541139363
обладател,2.995732273553991
никт,3.6888794541139363
океа,3.6888794541139363
надея,2.995732273553991
сереж,3.6888794541139363
андронов,3.6888794541139363
нас,2.995732273553991
предварительн,3.6888794541139363
разговор,3.6888794541139363
найд,3.6888794541139363
язык,2.995732273553991
нью,3.6888794541139363
йорк,3.6888794541139363
рейнджерс,3.6888794541139363
хенрик,3.6888794541139363
лундквист,3.6888794541139363
соглас,3.6888794541139363
выступ,2.995732273553991
швец,3.6888794541139363
информирова,3.6888794541139363
шведск,2.995732273553991
новостн,3.6888794541139363
порта,2.995732273553991
svt,3.6888794541139363
текущ,2.5902671654458267
12,2.5902671654458267
сумет,3.6888794541139363
52,3.6888794541139363
средн,2.0794415416798357
пропуска,3.6888794541139363
07,3.6888794541139363
шайб,2.995732273553991
37,3.6888794541139363
летн,2.5902671654458267
станов,2.302585092994046
2006,3.6888794541139363
такж,1.2039728043259361
2017,3.6888794541139363
словацк,3.6888794541139363
братислав,3.6888794541139363
кошиц,3.6888794541139363
26,2.995732273553991
ма,2.5902671654458267
групп,3.6888794541139363
австр,3.6888794541139363
латв,3.6888794541139363
норвег,3.6888794541139363
чех,2.995732273553991
швейцар,3.6888794541139363
47,3.6888794541139363
кладн,3.6888794541139363
яромир,3.6888794541139363
ягр,3.6888794541139363
заброс,3.6888794541139363
ческ,3.6888794541139363
будеевиц,3.6888794541139363
чешск,3.6888794541139363
дивизион,3.6888794541139363
образ,3.6888794541139363
путевк,3.6888794541139363
высш,3.6888794541139363
напомн,2.5902671654458267
2011,3.6888794541139363
явля,2.0794415416798357
владелец,3.6888794541139363
начина,3.6888794541139363
1980,3.6888794541139363
действ,2.995732273553991
занима,2.5902671654458267
список,2.995732273553991
уэйн,3.6888794541139363
гретцк,3.6888794541139363
акт,3.6888794541139363
1921,3.6888794541139363
766,3.6888794541139363
1155,3.6888794541139363
201,3.6888794541139363
123,3.6888794541139363
аргентинск,3.6888794541139363
барселон,3.6888794541139363
лионел,3.6888794541139363
прошедш,2.995732273553991
недел,2.5902671654458267
официальн,2.0794415416798357
твиттер,3.6888794541139363
вторник,2.995732273553991
камп,3.6888794541139363
лч,3.6888794541139363
английск,3.6888794541139363
два,2.995732273553991
трех,3.6888794541139363
итогов,3.6888794541139363
состав,2.5902671654458267
0,2.5902671654458267
позвол,2.995732273553991
барс,3.6888794541139363
манкунианц,3.6888794541139363
нос,3.6888794541139363
наград,3.6888794541139363
сопернича,3.6888794541139363
матейс,3.6888794541139363
де,3.6888794541139363
лигт,3.6888794541139363
роберт,3.6888794541139363
фирмин,3.6888794541139363
сон,3.6888794541139363
хен,3.6888794541139363
мин,3.6888794541139363
ответн,3.6888794541139363
сред,2.0794415416798357
7,2.302585092994046
ванд,3.6888794541139363
нар,3.6888794541139363
жен,3.6888794541139363
маур,3.6888794541139363
икард,3.6888794541139363
аргентинец,3.6888794541139363
продолж,3.6888794541139363
след,2.5902671654458267
остан,3.6888794541139363
зде,3.6888794541139363
calciomercato,3.6888794541139363
попада,2.995732273553991
протяжен,3.6888794541139363
двух,2.995732273553991
месяц,3.6888794541139363
соглашен,3.6888794541139363
относительн,2.995732273553991
контракт,3.6888794541139363
услуг,3.6888794541139363
заинтересова,3.6888794541139363
мадридск,3.6888794541139363
атлетик,3.6888794541139363
реа,3.6888794541139363
наполот,3.6888794541139363
отда,3.6888794541139363
передач,3.6888794541139363
семак,3.6888794541139363
обвин,3.6888794541139363
краснодар,3.6888794541139363
попытк,3.6888794541139363
спровоцирова,3.6888794541139363
драк,3.6888794541139363
петербургск,3.6888794541139363
зен,3.6888794541139363
серг,2.995732273553991
едв,3.6888794541139363
привест,2.5902671654458267
массов,2.302585092994046
представител,2.995732273553991
тренерск,3.6888794541139363
штаб,3.6888794541139363
поня,2.995732273553991
чем,2.5902671654458267
связа,2.5902671654458267
заминк,3.6888794541139363
выполнен,2.5902671654458267
зам,3.6888794541139363
конфликт,3.6888794541139363
провод,3.6888794541139363
лим,3.6888794541139363
снача,3.6888794541139363
планирова,2.0794415416798357
выпуст,2.995732273553991
вмест,2.995732273553991
иностранц,3.6888794541139363
ригон,3.6888794541139363
суд,2.5902671654458267
поднима,2.995732273553991
совс,2.302585092994046
резервн,3.6888794541139363
деся,3.6888794541139363
объясн,3.6888794541139363
объясня,3.6888794541139363
противоположн,3.6888794541139363
убра,3.6888794541139363
пот,3.6888794541139363
вынужден,3.6888794541139363
растеря,3.6888794541139363
боков,3.6888794541139363
арбитр,3.6888794541139363
повод,3.6888794541139363
оздоев,3.6888794541139363
быва,3.6888794541139363
замен,3.6888794541139363
скамейк,3.6888794541139363
„,3.6888794541139363
“,3.6888794541139363
ровн,3.6888794541139363
можн,1.6094379124341003
ясн,3.6888794541139363
понятн,3.6888794541139363
цитирова,3.6888794541139363
sports,3.6888794541139363
ru,2.995732273553991
﻿лг,3.6888794541139363
представ,1.8971199848858813
систем,1.6094379124341003
умн,2.5902671654458267
дом,2.302585092994046
новинк,2.5902671654458267
бытов,2.5902671654458267
техник,2.5902671654458267
центр,2.995732273553991
бизнес,1.8971199848858813
спортивн,2.995732273553991
кластер,2.995732273553991
втб,2.995732273553991
парк,2.995732273553991
отел,2.5902671654458267
hyatt,2.995732273553991
regency,2.995732273553991
moscow,2.995732273553991
petrovsky,2.995732273553991
park,2.995732273553991
lg,2.5902671654458267
electronics,2.995732273553991
дизайнер,2.995732273553991
интерьер,2.995732273553991
thinq,2.995732273553991
ai,2.995732273553991
област,2.302585092994046
искусствен,2.302585092994046
интеллект,2.5902671654458267
интернет,1.8971199848858813
премиальн,2.995732273553991
ауд,2.995732273553991
популярн,2.302585092994046
востребова,2.995732273553991
постепен,2.5902671654458267
проника,2.995732273553991
россия,2.995732273553991
следова,2.5902671654458267
глобальн,2.995732273553991
тенденц,2.5902671654458267
через,2.302585092994046
wi,2.995732273553991
fi,2.995732273553991
соединен,2.995732273553991
объединя,2.995732273553991
себ,2.995732273553991
устройств,1.742969305058623
производим,2.995732273553991
компан,0.9808292530117262
центральн,2.995732273553991
телевизор,2.995732273553991
платформ,2.0794415416798357
smart,2.5902671654458267
качеств,2.0794415416798357
един,2.995732273553991
пользовательск,2.995732273553991
интерфейс,2.5902671654458267
консолидац,2.995732273553991
встро,2.5902671654458267
панел,2.5902671654458267
управлен,2.995732273553991
контролирова,2.5902671654458267
прибор,2.5902671654458267
находя,2.995732273553991
домашн,2.995732273553991
голосов,2.5902671654458267
вы,2.995732273553991
поменя,2.995732273553991
температур,2.5902671654458267
холодильник,2.995732273553991
посмотрет,2.995732273553991
статус,2.5902671654458267
стиральн,2.995732273553991
машин,2.302585092994046
styler,2.995732273553991
включ,2.995732273553991
/,2.302585092994046
выключ,2.995732273553991
робот,2.5902671654458267
пылесос,2.995732273553991
зарядк,2.995732273553991
очистител,2.995732273553991
воздух,2.5902671654458267
реж,2.5902671654458267
скорост,2.0794415416798357
вентилятор,2.995732273553991
провер,2.995732273553991
пыл,2.995732273553991
кондиционер,2.995732273553991
мощност,2.5902671654458267
поток,2.995732273553991
тем,1.8971199848858813
развит,2.0794415416798357
технолог,2.0794415416798357
будущ,2.0794415416798357
скор,2.995732273553991
качествен,2.5902671654458267
преобраз,2.995732273553991
всег,1.742969305058623
человечеств,2.5902671654458267
подвластн,2.995732273553991
задач,2.302585092994046
алгоритм,2.302585092994046
обучен,2.995732273553991
использ,2.5902671654458267
глубин,2.5902671654458267
преобразован,2.995732273553991
картинк,2.995732273553991
звук,2.995732273553991
способ,2.995732273553991
лаборатор,2.995732273553991
касперск,2.995732273553991
применя,2.5902671654458267
эффективн,2.302585092994046
построен,2.995732273553991
модел,2.0794415416798357
способн,1.8971199848858813
автоматическ,2.5902671654458267
различа,2.995732273553991
чист,2.995732273553991
вредоносн,2.995732273553991
файл,2.995732273553991
рассказыва,2.5902671654458267
антивирусн,2.995732273553991
эксперт,2.0794415416798357
малан,2.995732273553991
приня,2.5902671654458267
участ,2.302585092994046
территор,2.5902671654458267
клавиатур,3.6888794541139363
прошл,2.5902671654458267
предположен,3.6888794541139363
врем,1.8971199848858813
навсегд,3.6888794541139363
достоян,3.6888794541139363
hi,2.995732273553991
tech,2.995732273553991
принадлежа,3.6888794541139363
ассистент,3.6888794541139363
давн,3.6888794541139363
отойт,3.6888794541139363
задн,3.6888794541139363
план,3.6888794541139363
их,1.8971199848858813
повсеместн,2.995732273553991
использован,2.995732273553991
обществ,3.6888794541139363
поскольк,3.6888794541139363
прогресс,3.6888794541139363
сто,2.995732273553991
прежн,2.995732273553991
способствова,3.6888794541139363
иногд,3.6888794541139363
меша,3.6888794541139363
полноцен,2.995732273553991
взаимодейств,2.5902671654458267
некотор,3.6888794541139363
девайс,2.995732273553991
значительн,3.6888794541139363
уменьша,3.6888794541139363
подобн,2.0794415416798357
назва,2.995732273553991
причин,2.5902671654458267
частност,2.5902671654458267
печатан,3.6888794541139363
зависет,3.6888794541139363
длин,3.6888794541139363
натренирова,3.6888794541139363
пальц,3.6888794541139363
существен,3.6888794541139363
ускор,3.6888794541139363
упрост,3.6888794541139363
процесс,2.995732273553991
пример,2.5902671654458267
распечатк,3.6888794541139363
бланк,3.6888794541139363
государствен,3.6888794541139363
учрежден,3.6888794541139363
межбанковск,2.995732273553991
акселерацион,2.995732273553991
banktech,2.995732273553991
организова,2.995732273553991
финтех,2.995732273553991
лаб,2.995732273553991
газпромбанк,2.995732273553991
акселератор,2.995732273553991
старт,2.5902671654458267
конец,2.5902671654458267
продл,2.995732273553991
пода,2.995732273553991
заявк,2.5902671654458267
результат,2.995732273553991
сотрудничеств,2.995732273553991
запуст,2.5902671654458267
пилотн,2.995732273553991
проект,2.302585092994046
разработа,1.8971199848858813
стартап,2.995732273553991
прям,2.5902671654458267
банк,2.995732273553991
организатор,2.995732273553991
приоритетн,2.995732273553991
направлен,2.5902671654458267
отбор,2.995732273553991
роботизац,2.995732273553991
входя,2.995732273553991
исходя,2.995732273553991
коммуникац,2.5902671654458267
клиент,2.995732273553991
чат,2.995732273553991
бот,2.995732273553991
создан,2.995732273553991
поиск,2.5902671654458267
потенциальн,2.302585092994046
цифров,2.302585092994046
кана,2.995732273553991
скорингов,2.995732273553991
биометрическ,2.995732273553991
идентификац,2.995732273553991
сервис,2.5902671654458267
мал,2.995732273553991
риск,2.995732273553991
профилирован,2.995732273553991
числ,2.302585092994046
юридическ,2.995732273553991
цифровизац,2.5902671654458267
банковск,2.995732273553991
составля,2.0794415416798357
современ,2.5902671654458267
финансов,2.995732273553991
организац,2.995732273553991
участник,2.302585092994046
планиру,2.995732273553991
улучш,2.995732273553991
продукт,2.302585092994046
технологическ,2.5902671654458267
начальник,2.995732273553991
департамент,2.995732273553991
информацион,2.0794415416798357
инновац,2.5902671654458267
екатерин,2.995732273553991
фроловичев,2.995732273553991
instagram,3.6888794541139363
скрыва,3.6888794541139363
количеств,2.995732273553991
лайк,3.6888794541139363
возможн,1.8971199848858813
аккаунт,3.6888794541139363
twitter,2.995732273553991
джейн,3.6888794541139363
маньчун,3.6888794541139363
вонг,3.6888794541139363
исследован,3.6888794541139363
приложен,2.5902671654458267
указа,3.6888794541139363
под,2.5902671654458267
ин,3.6888794541139363
постав,3.6888794541139363
соцсет,2.995732273553991
примечательн,3.6888794541139363
якоб,3.6888794541139363
согласн,2.995732273553991
перем,3.6888794541139363
назрет,3.6888794541139363
действительн,2.995732273553991
наста,3.6888794541139363
оценива,2.995732273553991
контент,3.6888794541139363
фас,3.6888794541139363
выработа,3.6888794541139363
подход,3.6888794541139363
рассмотрен,3.6888794541139363
антиконкурентн,3.6888794541139363
поведен,3.6888794541139363
ведомств,3.6888794541139363
зрен,3.6888794541139363
чащ,2.995732273553991
случа,2.302585092994046
недобросовестн,3.6888794541139363
электрон,2.995732273553991
зачаст,3.6888794541139363
имеющ,2.995732273553991
аналог,3.6888794541139363
федеральн,3.6888794541139363
антимонопольн,3.6888794541139363
счита,2.995732273553991
дел,2.995732273553991
конкуренц,3.6888794541139363
итог,3.6888794541139363
заседан,3.6888794541139363
методическ,3.6888794541139363
учет,3.6888794541139363
обь,2.995732273553991
экономик,3.6888794541139363
связ,2.5902671654458267
орга,3.6888794541139363
вырабатыва,3.6888794541139363
рынок,2.5902671654458267
конкурент,3.6888794541139363
создава,2.995732273553991
сообщен,2.995732273553991
замглав,3.6888794541139363
андр,3.6888794541139363
кашевар,3.6888794541139363
чьи,3.6888794541139363
заявлен,2.995732273553991
агрегатор,3.6888794541139363
такс,2.995732273553991
препятствова,3.6888794541139363
правильн,3.6888794541139363
ограничива,3.6888794541139363
выбор,3.6888794541139363
водител,2.5902671654458267
реч,3.6888794541139363
невозможн,3.6888794541139363
одновремен,3.6888794541139363
осуществля,3.6888794541139363
заказ,2.995732273553991
принудительн,3.6888794541139363
блокировк,3.6888794541139363
содержа,3.6888794541139363
признак,3.6888794541139363
очеред,2.995732273553991
голомолзин,3.6888794541139363
цел,2.995732273553991
борьб,3.6888794541139363
наканун,3.6888794541139363
возбуд,3.6888794541139363
отношен,3.6888794541139363
headhunter,3.6888794541139363
superjob,3.6888794541139363
rabota,3.6888794541139363
программн,2.995732273553991
обеспечен,3.6888794541139363
автоматизирова,3.6888794541139363
персона,3.6888794541139363
сторонник,3.6888794541139363
потребител,3.6888794541139363
препятств,3.6888794541139363
появлен,2.995732273553991
обраща,3.6888794541139363
кейс,3.6888794541139363
прич,3.6888794541139363
кажд,2.5902671654458267
сложн,3.6888794541139363
изощрен,3.6888794541139363
быстр,3.6888794541139363
меня,3.6888794541139363
подпада,3.6888794541139363
соответств,3.6888794541139363
нормативн,3.6888794541139363
регулирован,3.6888794541139363
благодар,2.5902671654458267
детальн,3.6888794541139363
плодотворн,3.6888794541139363
обсужден,3.6888794541139363
увер,2.5902671654458267
подвест,3.6888794541139363
цыган,3.6888794541139363
лифе#технолог,3.6888794541139363
пуга,3.6888794541139363
нест,3.6888794541139363
опасн,3.6888794541139363
строчк,3.6888794541139363
распознаван,3.6888794541139363
вышеуказа,3.6888794541139363
издан,3.6888794541139363
отмеча,2.5902671654458267
отслеживан,3.6888794541139363
поимк,3.6888794541139363
преступник,3.6888794541139363
человек,3.6888794541139363
лиша,3.6888794541139363
пространств,2.5902671654458267
шаг,3.6888794541139363
заран,3.6888794541139363
активн,2.995732273553991
google,2.5902671654458267
умеющ,3.6888794541139363
дополня,3.6888794541139363
поисков,3.6888794541139363
запрос,3.6888794541139363
uber,3.6888794541139363
строя,3.6888794541139363
маршрут,2.995732273553991
автор,2.995732273553991
опаса,3.6888794541139363
понима,2.5902671654458267
помим,3.6888794541139363
посоветова,3.6888794541139363
остерега,3.6888794541139363
последн,2.5902671654458267
например,3.6888794541139363
duplex,3.6888794541139363
забронирова,3.6888794541139363
номер,3.6888794541139363
самостоятельн,3.6888794541139363
куп,2.302585092994046
билет,3.6888794541139363
кин,3.6888794541139363
про,3.6888794541139363
противореч,3.6888794541139363
редактирован,3.6888794541139363
днк,3.6888794541139363
инициатив,3.6888794541139363
учен,3.6888794541139363
кита,3.6888794541139363
примен,3.6888794541139363
выработк,3.6888794541139363
иммунитет,3.6888794541139363
спид,3.6888794541139363
заключен,3.6888794541139363
amazon,2.995732273553991
запатентова,3.6888794541139363
браслет,3.6888794541139363
тактильн,3.6888794541139363
обратн,3.6888794541139363
свидетельств,3.6888794541139363
тепер,2.995732273553991
слежк,3.6888794541139363
выход,3.6888794541139363
уровен,2.5902671654458267
подчеркива,3.6888794541139363
автограф,3.6888794541139363
интегрирова,3.6888794541139363
trucks,3.6888794541139363
предназнач,3.6888794541139363
распределен,3.6888794541139363
груз,2.995732273553991
моделирован,3.6888794541139363
логистическ,3.6888794541139363
особен,2.5902671654458267
заключа,2.995732273553991
адаптивн,3.6888794541139363
планирован,3.6888794541139363
ресурс,3.6888794541139363
перевозчик,3.6888794541139363
соблюда,3.6888794541139363
срок,2.995732273553991
оптимальн,3.6888794541139363
распределя,3.6888794541139363
загрузк,3.6888794541139363
минимизирова,3.6888794541139363
пробег,3.6888794541139363
повыша,2.995732273553991
прибыл,3.6888794541139363
мониторинг,2.5902671654458267
транспорт,2.995732273553991
служ,3.6888794541139363
основн,2.995732273553991
источник,2.302585092994046
транспортн,3.6888794541139363
разработчик,2.5902671654458267
комплекс,3.6888794541139363
предъявля,3.6888794541139363
жестк,3.6888794541139363
требован,3.6888794541139363
надежн,2.995732273553991
телематическ,3.6888794541139363
оборудован,3.6888794541139363
бортов,3.6888794541139363
контроллер,3.6888794541139363
полност,2.995732273553991
отвеча,3.6888794541139363
модул,3.6888794541139363
интеграц,3.6888794541139363
успешн,3.6888794541139363
глонасс,3.6888794541139363
gps,3.6888794541139363
контрол,2.995732273553991
основ,2.995732273553991
спутников,3.6888794541139363
поступа,3.6888794541139363
фактическ,3.6888794541139363
местоположен,3.6888794541139363
объект,2.995732273553991
отображен,3.6888794541139363
карт,2.995732273553991
определя,3.6888794541139363
операц,3.6888794541139363
просматрива,3.6888794541139363
передвижен,3.6888794541139363
промежуток,3.6888794541139363
времен,3.6888794541139363
состоян,2.995732273553991
погрузк,3.6888794541139363
транспортировк,3.6888794541139363
разгрузк,3.6888794541139363
т,2.995732273553991
д,2.995732273553991
оперативн,2.5902671654458267
уведомлен,3.6888794541139363
отклонен,3.6888794541139363
запланирова,3.6888794541139363
событ,2.995732273553991
марк,2.995732273553991
руководител,3.6888794541139363
диспетчер,3.6888794541139363
точн,3.6888794541139363
инструмент,3.6888794541139363
снижа,2.995732273553991
затрат,3.6888794541139363
oneplus,3.6888794541139363
запущ,3.6888794541139363
производств,2.995732273553991
продаж,2.302585092994046
обеща,3.6888794541139363
бол,2.995732273553991
миллион,2.995732273553991
смартфон,2.0794415416798357
недостаток,3.6888794541139363
xiaomi,2.995732273553991
mi,2.995732273553991
9,2.995732273553991
повтор,3.6888794541139363
предшественник,3.6888794541139363
обеспеч,2.995732273553991
идеальн,3.6888794541139363
баланс,3.6888794541139363
характеристик,2.302585092994046
рассчитыва,3.6888794541139363
созда,2.995732273553991
складск,2.995732273553991
запас,2.995732273553991
глав,2.5902671654458267
лю,3.6888794541139363
цзох,3.6888794541139363
liu,3.6888794541139363
zuohu,3.6888794541139363
приступ,3.6888794541139363
свыш,3.6888794541139363
штук,3.6888794541139363
спрос,2.995732273553991
удовлетвор,3.6888794541139363
жела,3.6888794541139363
гарантирова,3.6888794541139363
04,3.6888794541139363
|,3.6888794541139363
рубрик,3.6888794541139363
hardware,3.6888794541139363
кузнец,3.6888794541139363
прочита,3.6888794541139363
1262,3.6888794541139363
голос,3.6888794541139363
5,2.5902671654458267
рейберт,3.6888794541139363
финальн,3.6888794541139363
верс,3.6888794541139363
четвероног,3.6888794541139363
spotmini,3.6888794541139363
коммерческ,2.995732273553991
лет,2.995732273553991
boston,3.6888794541139363
dynamics,3.6888794541139363
серийн,3.6888794541139363
робопс,3.6888794541139363
июл,3.6888794541139363
август,3.6888794541139363
окол,2.5902671654458267
сотн,3.6888794541139363
сход,2.995732273553991
сборочн,3.6888794541139363
лин,3.6888794541139363
пок,2.302585092994046
бет,3.6888794541139363
тестирован,3.6888794541139363
инженер,3.6888794541139363
постоя,2.995732273553991
внос,3.6888794541139363
поправк,3.6888794541139363
заработа,3.6888794541139363
успех,3.6888794541139363
маск,3.6888794541139363
безос,3.6888794541139363
встреча,3.6888794541139363
рассылк,3.6888794541139363
money+,3.6888794541139363
создател,3.6888794541139363
утвержда,3.6888794541139363
корпус,2.995732273553991
защища,3.6888794541139363
внутрен,3.6888794541139363
дета,3.6888794541139363
паден,3.6888794541139363
камер,2.995732273553991
обеспечива,2.995732273553991
кругов,3.6888794541139363
обзор,3.6888794541139363
продемонстрирова,3.6888794541139363
застав,3.6888794541139363
тащ,3.6888794541139363
упряжк,3.6888794541139363
грузовик,3.6888794541139363
кром,3.6888794541139363
част,2.5902671654458267
ошибочн,3.6888794541139363
голов,3.6888794541139363
стабилизирова,3.6888794541139363
остава,2.995732273553991
неподвижн,3.6888794541139363
ве,2.995732273553991
двига,3.6888794541139363
гибкост,3.6888794541139363
андроид,3.6888794541139363
techcrunch,3.6888794541139363
продвига,3.6888794541139363
handle,3.6888794541139363
напомина,3.6888794541139363
птиц,3.6888794541139363
колес,3.6888794541139363
коробк,3.6888794541139363
вес,3.6888794541139363
кг,3.6888794541139363
автономн,3.6888794541139363
тренд,2.995732273553991
пригод,3.6888794541139363
трав,3.6888794541139363
яд,3.6888794541139363
сотрудник,3.6888794541139363
сша,2.995732273553991
южн,3.6888794541139363
кор,3.6888794541139363
мобильн,3.6888794541139363
g,2.995732273553991
стабильн,3.6888794541139363
настоя,2.5902671654458267
перелож,3.6888794541139363
забот,3.6888794541139363
стан,3.6888794541139363
окончательн,3.6888794541139363
зависим,3.6888794541139363
тогд,3.6888794541139363
внезапн,3.6888794541139363
отключ,3.6888794541139363
вед,2.995732273553991
статистик,3.6888794541139363
подавля,3.6888794541139363
большинств,3.6888794541139363
подключен,3.6888794541139363
сим,3.6888794541139363
модем,3.6888794541139363
автомоб,3.6888794541139363
протез,3.6888794541139363
…,3.6888794541139363
экспертн,3.6888794541139363
2020,3.6888794541139363
превзойт,3.6888794541139363
телефон,3.6888794541139363
пк,2.995732273553991
нескольк,2.995732273553991
миллиард,3.6888794541139363
инфраструктур,3.6888794541139363
смарт,3.6888794541139363
подконтрольн,3.6888794541139363
городск,2.995732273553991
рухнут,3.6888794541139363
отключен,3.6888794541139363
накр,3.6888794541139363
блэкаут,3.6888794541139363
масштаб,3.6888794541139363
катастроф,3.6888794541139363
содержан,3.6888794541139363
выхлопн,3.6888794541139363
газ,3.6888794541139363
проходя,3.6888794541139363
бельт,3.6888794541139363
беспилотн,2.995732273553991
летательн,3.6888794541139363
аппарат,3.6888794541139363
dronedj,3.6888794541139363
ссылк,3.6888794541139363
европейск,2.995732273553991
агентств,3.6888794541139363
морск,3.6888794541139363
безопасн,3.6888794541139363
emsa,3.6888794541139363
корабл,3.6888794541139363
крупн,3.6888794541139363
выброс,3.6888794541139363
атмосфер,3.6888794541139363
широк,3.6888794541139363
guardian,3.6888794541139363
2009,3.6888794541139363
сопоставим,3.6888794541139363
автомобил,2.995732273553991
высок,2.995732273553991
мазут,3.6888794541139363
использова,2.302585092994046
топлив,3.6888794541139363
порядок,2.995732273553991
выш,3.6888794541139363
дизельн,3.6888794541139363
прол,3.6888794541139363
датчанин,3.6888794541139363
установлен,3.6888794541139363
дрон,3.6888794541139363
расстоян,3.6888794541139363
100,3.6888794541139363
метр,3.6888794541139363
видеопоток,3.6888794541139363
подробн,2.995732273553991
используем,3.6888794541139363
судн,3.6888794541139363
беспилотник,2.995732273553991
десят,3.6888794541139363
нижн,3.6888794541139363
вид,2.995732273553991
установ,3.6888794541139363
skeldar,3.6888794541139363
v,3.6888794541139363
200,2.995732273553991
saab,3.6888794541139363
четырехметров,3.6888794541139363
максимальн,2.995732273553991
взлетн,3.6888794541139363
масс,2.995732273553991
235,3.6888794541139363
килограмм,3.6888794541139363
брат,3.6888794541139363
борт,3.6888794541139363
40,3.6888794541139363
шест,2.995732273553991
140,3.6888794541139363
километр,3.6888794541139363
химик,3.6888794541139363
гибридн,3.6888794541139363
катализатор,3.6888794541139363
окислен,3.6888794541139363
угарн,3.6888794541139363
гексагональн,3.6888794541139363
нитрид,3.6888794541139363
бор,3.6888794541139363
серебрян,3.6888794541139363
наночастиц,3.6888794541139363
материа,3.6888794541139363
доб,3.6888794541139363
полн,3.6888794541139363
конверс,3.6888794541139363
монооксид,3.6888794541139363
углерод,3.6888794541139363
194,3.6888794541139363
градус,3.6888794541139363
цельс,3.6888794541139363
brand,3.6888794541139363
analytics,3.6888794541139363
сколков,2.995732273553991
палитрумлаб,3.6888794541139363
внедр,3.6888794541139363
аналитическ,3.6888794541139363
выявлен,3.6888794541139363
агресс,3.6888794541139363
мед,3.6888794541139363
разработк,3.6888794541139363
обнаружен,3.6888794541139363
очаг,3.6888794541139363
напряжен,3.6888794541139363
инфопол,3.6888794541139363
вокруг,3.6888794541139363
бренд,2.995732273553991
регион,3.6888794541139363
тематик,3.6888794541139363
персон,3.6888794541139363
выявля,3.6888794541139363
кибербуллинг,3.6888794541139363
процвета,3.6888794541139363
раздража,3.6888794541139363
нетабуирова,3.6888794541139363
травл,3.6888794541139363
настига,3.6888794541139363
отдельн,3.6888794541139363
люд,3.6888794541139363
корпорац,3.6888794541139363
ущерб,3.6888794541139363
измеря,3.6888794541139363
убыток,3.6888794541139363
воздейств,3.6888794541139363
нанест,3.6888794541139363
намерен,3.6888794541139363
снижен,2.995732273553991
субъект,3.6888794541139363
общепринят,3.6888794541139363
классификац,3.6888794541139363
относ,3.6888794541139363
харасмент,3.6888794541139363
расизм,3.6888794541139363
сексизм,3.6888794541139363
троллинг,3.6888794541139363
запугиван,3.6888794541139363
частн,3.6888794541139363
защ,3.6888794541139363
виртуальн,3.6888794541139363
тролл,3.6888794541139363
соблюден,3.6888794541139363
несложн,3.6888794541139363
гиг,3.6888794541139363
обойт,3.6888794541139363
сигнальн,3.6888794541139363
воврем,3.6888794541139363
русскоязычн,3.6888794541139363
соцмед,3.6888794541139363
выяв,3.6888794541139363
угроз,3.6888794541139363
определ,3.6888794541139363
тип,3.6888794541139363
интенсивн,3.6888794541139363
практическ,2.995732273553991
начальн,3.6888794541139363
инвективн,3.6888794541139363
мот,3.6888794541139363
общен,3.6888794541139363
клиентск,3.6888794541139363
весьм,3.6888794541139363
актуальн,3.6888794541139363
розничн,3.6888794541139363
обнаружива,3.6888794541139363
opinion,3.6888794541139363
реакц,3.6888794541139363
агрессивн,3.6888794541139363
возмущен,3.6888794541139363
trolling,3.6888794541139363
номинац,3.6888794541139363
направ,3.6888794541139363
пожелан,3.6888794541139363
call,3.6888794541139363
приз,3.6888794541139363
натал,3.6888794541139363
соколов,3.6888794541139363
интеллектуальн,3.6888794541139363
анализ,3.6888794541139363
естествен,3.6888794541139363
text,3.6888794541139363
mining,3.6888794541139363
ключев,2.995732273553991
big,3.6888794541139363
data,3.6888794541139363
смысл,3.6888794541139363
происходя,3.6888794541139363
эмотивн,3.6888794541139363
текст,3.6888794541139363
маркер,3.6888794541139363
обществен,3.6888794541139363
деятельн,3.6888794541139363
дава,3.6888794541139363
проблемн,3.6888794541139363
зон,3.6888794541139363
предотвраща,3.6888794541139363
отрицательн,3.6888794541139363
последств,3.6888794541139363
светла,3.6888794541139363
подгорн,3.6888794541139363
советник,3.6888794541139363
антикризисн,3.6888794541139363
rights,3.6888794541139363
business,3.6888794541139363
standard,3.6888794541139363
фильтр,3.6888794541139363
применен,3.6888794541139363
указыва,3.6888794541139363
готовн,3.6888794541139363
офлайн,3.6888794541139363
вербальн,3.6888794541139363
обычн,3.6888794541139363
заметн,3.6888794541139363
митинг,3.6888794541139363
повышен,3.6888794541139363
формирован,3.6888794541139363
волн,3.6888794541139363
разряжен,3.6888794541139363
сформирова,3.6888794541139363
семантическ,3.6888794541139363
ядр,2.995732273553991
допуст,3.6888794541139363
всплеск,3.6888794541139363
упоминаем,3.6888794541139363
взгляд,3.6888794541139363
разрозн,3.6888794541139363
частотк,3.6888794541139363
репост,3.6888794541139363
дубл,3.6888794541139363
фильтрац,3.6888794541139363
суз,3.6888794541139363
пристальн,3.6888794541139363
изучен,3.6888794541139363
обработк,3.6888794541139363
негативн,3.6888794541139363
резонансн,3.6888794541139363
беспроводн,3.6888794541139363
утюг,3.6888794541139363
cordless,3.6888794541139363
steam,3.6888794541139363
iron,3.6888794541139363
$,3.6888794541139363
неизвестн,3.6888794541139363
поступ,3.6888794541139363
ассортимент,3.6888794541139363
пополн,3.6888794541139363
функц,3.6888794541139363
отпариван,3.6888794541139363
передов,3.6888794541139363
громк,3.6888794541139363
функциональн,3.6888794541139363
невысок,3.6888794541139363
потребля,3.6888794541139363
достига,3.6888794541139363
2000,3.6888794541139363
нем,3.6888794541139363
предусмотрет,3.6888794541139363
резервуар,3.6888794541139363
280,2.995732273553991
мл,3.6888794541139363
вод,3.6888794541139363
фиксир,3.6888794541139363
зарядн,3.6888794541139363
станц,3.6888794541139363
механическ,3.6888794541139363
замок,3.6888794541139363
разблокируем,3.6888794541139363
кнопк,3.6888794541139363
отсоединен,3.6888794541139363
нагр,3.6888794541139363
течен,2.995732273553991
конструкц,3.6888794541139363
алюминиев,3.6888794541139363
сплав,3.6888794541139363
керамик,3.6888794541139363
°,3.6888794541139363
c,3.6888794541139363
ув,2.995732273553991
магазин,2.995732273553991
apple,2.995732273553991
монитор,3.6888794541139363
4k,3.6888794541139363
ultrafine,3.6888794541139363
исчезнут,3.6888794541139363
прекрат,3.6888794541139363
наибол,3.6888794541139363
подходя,3.6888794541139363
mac,3.6888794541139363
учитыва,3.6888794541139363
продава,3.6888794541139363
купертинц,3.6888794541139363
доступн,3.6888794541139363
5k,3.6888794541139363
display,3.6888794541139363
1300,3.6888794541139363
доллар,2.995732273553991
исчезновен,3.6888794541139363
700,3.6888794541139363
продавц,3.6888794541139363
расчища,3.6888794541139363
правд,2.995732273553991
6k,3.6888794541139363
конкурирова,3.6888794541139363
власт,3.6888794541139363
яндекс,3.6888794541139363
пообеща,3.6888794541139363
3–4,3.6888794541139363
запуск,3.6888794541139363
роботизирова,3.6888794541139363
страничк,3.6888794541139363
заметк,3.6888794541139363
протестирова,3.6888794541139363
лас,3.6888794541139363
вегас,3.6888794541139363
иннополис,3.6888794541139363
тест,3.6888794541139363
израил,3.6888794541139363
международн,3.6888794541139363
самм,3.6888794541139363
лидер,3.6888794541139363
операцион,2.995732273553991
грег,3.6888794541139363
абовск,3.6888794541139363
сниз,2.995732273553991
загружен,3.6888794541139363
улиц,3.6888794541139363
развива,3.6888794541139363
сегодняшн,3.6888794541139363
дтп,3.6888794541139363
затор,3.6888794541139363
аварийн,3.6888794541139363
соответствен,2.995732273553991
сократ,3.6888794541139363
скидк,3.6888794541139363
предлага,3.6888794541139363
pixel,3.6888794541139363
xl,3.6888794541139363
европ,3.6888794541139363
подешевет,3.6888794541139363
почт,3.6888794541139363
устро,3.6888794541139363
аттракцион,3.6888794541139363
неслыха,3.6888794541139363
щедрост,3.6888794541139363
ряд,3.6888794541139363
сильн,2.995732273553991
ак,3.6888794541139363
герман,3.6888794541139363
250,3.6888794541139363
евр,3.6888794541139363
великобритан,3.6888794541139363
150,3.6888794541139363
фунт,3.6888794541139363
стерлинг,3.6888794541139363
190,3.6888794541139363
799,3.6888794541139363
899,3.6888794541139363
цент,3.6888794541139363
выпуск,2.995732273553991
октябр,3.6888794541139363
анонс,3.6888794541139363
3a,3.6888794541139363
распродава,3.6888794541139363
прошлогодн,3.6888794541139363
флагман,3.6888794541139363
дебют,3.6888794541139363
ожида,2.995732273553991
дешев,3.6888794541139363
оригинальн,3.6888794541139363
стартов,3.6888794541139363
них,3.6888794541139363
500,3.6888794541139363
неожида,2.995732273553991
qualcomm,3.6888794541139363
встроен,3.6888794541139363
мод,3.6888794541139363
нанометров,3.6888794541139363
snapdragon,3.6888794541139363
735,3.6888794541139363
soc,3.6888794541139363
однокристальн,3.6888794541139363
интересн,3.6888794541139363
почерпнут,3.6888794541139363
перечен,3.6888794541139363
налич,3.6888794541139363
таков,3.6888794541139363
флагманск,3.6888794541139363
855,3.6888794541139363
идущ,3.6888794541139363
смен,3.6888794541139363
865,3.6888794541139363
флагма,3.6888794541139363
баз,2.995732273553991
впроч,3.6888794541139363
cpu,3.6888794541139363
высокопроизводительн,3.6888794541139363
kryo,3.6888794541139363
4xx,3.6888794541139363
разн,3.6888794541139363
тактов,3.6888794541139363
частот,3.6888794541139363
ггц,3.6888794541139363
энергоэффективн,3.6888794541139363
8,2.995732273553991
gpu,3.6888794541139363
adreno,3.6888794541139363
620,3.6888794541139363
750,3.6888794541139363
мгц,3.6888794541139363
сравнен,3.6888794541139363
845,3.6888794541139363
630,3.6888794541139363
710,3.6888794541139363
нейрон,3.6888794541139363
процессор,3.6888794541139363
npu,3.6888794541139363
220,3.6888794541139363
16,3.6888794541139363
гб,3.6888794541139363
памят,3.6888794541139363
lpddr4x,3.6888794541139363
2133,3.6888794541139363
диспл,3.6888794541139363
разрешен,3.6888794541139363
3360,3.6888794541139363
х,3.6888794541139363
1440,3.6888794541139363
пиксел,3.6888794541139363
hdr10,3.6888794541139363
аппаратн,3.6888794541139363
декодирован,3.6888794541139363
4к,3.6888794541139363
60,3.6888794541139363
производ,3.6888794541139363
норм,3.6888794541139363
нм,3.6888794541139363
вряд,3.6888794541139363
кварта,3.6888794541139363
недавн,3.6888794541139363
вышл,3.6888794541139363
sanpdragon,3.6888794541139363
730,3.6888794541139363
ну,3.6888794541139363
весн,3.6888794541139363
asus,3.6888794541139363
android,3.6888794541139363
планшет,3.6888794541139363
ход,3.6888794541139363
cnbeta,3.6888794541139363
где,3.6888794541139363
сведен,3.6888794541139363
тех,3.6888794541139363
поставля,3.6888794541139363
комплект,3.6888794541139363
следовательн,3.6888794541139363
zenpad,3.6888794541139363
вполн,3.6888794541139363
закономерн,3.6888794541139363
раст,3.6888794541139363
выпуска,3.6888794541139363
остальн,3.6888794541139363
планомерн,3.6888794541139363
показател,3.6888794541139363
реализац,3.6888794541139363
стремительн,3.6888794541139363
увеличен,3.6888794541139363
размер,3.6888794541139363
предлож,3.6888794541139363
покупател,3.6888794541139363
диагонал,3.6888794541139363
экра,3.6888794541139363
производительн,3.6888794541139363
множеств,3.6888794541139363
sony,3.6888794541139363
motorola,3.6888794541139363
acer,3.6888794541139363
пополнен,3.6888794541139363
складн,3.6888794541139363
уменьш,3.6888794541139363
