в,0.002144697357042986,0.0
сет,0.0021910362100045545,0.0043370363793638995
появ,0.0013387122633686313,0.0018764416816728926
виде,0.0026774245267372626,0.0011827589364790357
празднован,0.002144697357042986,0.0
игрок,0.0061802935915168025,0.00024828622579182666
цска,0.01291898640983912,0.0
кубок,0.0067862440315770755,0.0
гагарин,0.0067862440315770755,0.0
московск,0.002612921062341,0.0007945604801981064
отпразднова,0.002144697357042986,0.0
побед,0.009860277297795298,0.0
в,0.0,0.0
фина,0.00789319581168213,0.0
пле,0.005970419129762798,0.0
офф,0.005970419129762798,0.0
континентальн,0.005148938123602511,0.0
хоккейн,0.008700092069699399,0.0
лиг,0.010318173125037362,0.0
кхл,0.007294213528562049,0.0
прот,0.006325335331361282,0.0
омск,0.004820535123800511,0.0
авангард,0.0063263964097926475,0.0
переда,0.002604808735822992,0.0009212969764778422
спорт,0.004816551706324149,0.0
экспресс,0.002144697357042986,0.0
был,0.004426490043626089,0.002072907774168707
опубликова,0.0015059692822359458,0.00093466016114724
тог,0.0017679673022534237,0.0013540024698898416
как,0.002907374303536928,0.004764105981273371
армеец,0.002144697357042986,0.0
радова,0.002144697357042986,0.0
завоеван,0.002144697357042986,0.0
перв,0.0036743564416488713,0.0031983982571659785
истор,0.0039188824019210896,0.0011874829980582677
сво,0.004579928065744173,0.0026721135881059488
клуб,0.009071229559582322,0.0
хоккеист,0.004426584797031922,0.0
расплескива,0.002144697357042986,0.0
шампанск,0.002144697357042986,0.0
по,0.00427338851644078,0.004822943998680914
раздевалк,0.002144697357042986,0.0
и,0.0024484223664051124,0.0039495977682467145
весел,0.002144697357042986,0.0
четверт,0.004559281140028148,0.00034889958753017377
матч,0.013689881324683536,0.0
заверш,0.004925153313104417,0.0
овертайм,0.004173322969236076,0.0
со,0.00400052699511402,0.002193425391594766
счет,0.005320247162435699,0.000715036397354456
3,0.003986831735870532,0.005251076554454061
2,0.007024292885704673,0.000540079836387282
столичн,0.0030219322775365738,0.0
команд,0.006509936327418872,0.0008112755530925581
одолет,0.0030219322775365738,0.0
соперник,0.00540209991898071,0.0
всех,0.003016688507073554,0.0008737363351930472
четырех,0.0030219322775365738,0.0
игр,0.009446661739631981,0.0
сер,0.008061011963960021,0.0020071829552894167
ран,0.005516579087744884,0.0007619301188336264
национальн,0.005240704901043738,0.0
нхл,0.005945351476685554,0.0
миннесот,0.002144697357042986,0.0
уайлд,0.002144697357042986,0.0
поздрав,0.002144697357042986,0.0
напада,0.007066832812550582,0.0
кирилл,0.002144697357042986,0.0
капризов,0.002144697357042986,0.0
с,0.0025259578961795053,0.003043303745906818
 ,0.006770617532560967,0.0
орланд,0.008578789428171944,0.0
проигра,0.003765848238282829,0.0
торонт,0.008578789428171944,0.0
пуст,0.002144697357042986,0.0
вперед,0.004289394714085972,0.0
"
",0.0019204040003813546,0.0022475139814599693
пройт,0.006479996803039888,0.0005819386456705157
22,0.0047415736704001545,0.0013591121187449908
апрел,0.008295342243190862,0.002009627320879345
мэджик,0.002144697357042986,0.0
на,0.0020556333125617754,0.002936376611354378
площадк,0.0017417048102058084,0.0010699043834121395
принима,0.0019928557556964854,0.001171296040590739
рэпторс,0.002144697357042986,0.0
рамк,0.004711356072151446,0.0
трет,0.00323457222403459,0.0033873718245454
четвертьфинальн,0.002144697357042986,0.0
стад,0.0017417048102058084,0.000687094558154585
восточн,0.003239570946982804,0.0
конференц,0.0035483493749013475,0.0007192381650292835
законч,0.002144697357042986,0.0
гост,0.002144697357042986,0.0
98,0.002144697357042986,0.0
93,0.002144697357042986,0.0
сам,0.004090417516699382,0.0005885537343882947
результативн,0.0024723712183897088,0.0
стат,0.004350216458551205,0.0037956288974788895
паскал,0.002144697357042986,0.0
сиак,0.002144697357042986,0.0
котор,0.0026818686251143444,0.0038021977737224466
набра,0.0043344699253985465,0.0
30,0.003561736873859618,0.002556184702742592
очк,0.0045966289682792625,0.0
сдела,0.0054417879013286844,0.0007132030018367975
11,0.002144697357042986,0.0
подбор,0.0017417048102058084,0.0004267424891102551
у,0.002863259385037584,0.00250183734076075
больш,0.0029722202196863124,0.004104532864859593
защитник,0.0024723712183897088,0.0
терренс,0.002144697357042986,0.0
росс,0.006548687689318489,0.000674413962632164
–,0.0037094518499302155,0.004262817910570182
24,0.004119270106677229,0.0
балл,0.0034247004695058037,0.0
выйт,0.002801102864958859,0.0009250954162306525
1,0.0031211865730384745,0.0017353763798069427
следующ,0.002144697357042986,0.0
главн,0.0032131131891653445,0.0010580790068373215
тренер,0.005412123005301102,0.0
анж,0.005855364212879264,0.0
магомед,0.002927682106439632,0.0
ад,0.005855364212879264,0.0
рассказа,0.003219366903836005,0.0017944472426644135
о,0.0024550529164710394,0.0032131913375740033
подготовк,0.002927682106439632,0.0
к,0.0031274818031104316,0.004231936655598273
го,0.003739261784450508,0.0
тур,0.003739261784450508,0.0
рпл,0.002927682106439632,0.0
ахмат,0.005855364212879264,0.0
перед,0.0036161694985187482,0.0002970489868630535
всегд,0.002927682106439632,0.0
волнительн,0.002927682106439632,0.0
друг,0.0032066665497805665,0.0022846676671474967
сторон,0.002888113252333105,0.0015587348227060795
настроен,0.005855364212879264,0.0
не,0.0054811466946067125,0.00459603353235939
может,0.0026795171877565735,0.003290038621889987
быт,0.004422730484429245,0.0037340141383683766
плох,0.004401708724548442,0.0
наш,0.002512741668941915,0.0013937493406237672
ситуац,0.002826680438482549,0.0022524062308224577
единствен,0.002927682106439632,0.0
плюс,0.002927682106439632,0.0
поэт,0.002377565296471421,0.0007489330683884977
люб,0.0016503504299046315,0.002728289842279183
мы,0.004796860202519591,0.0025463123030008525
готов,0.002512741668941915,0.0011014283189006075
хорош,0.002055767591623672,0.0011491105544439175
сказа,0.004928289511184132,0.0007732269671765378
эфир,0.002927682106439632,0.0
телекана,0.002927682106439632,0.0
тв,0.002927682106439632,0.0
состоя,0.0023890546067456614,0.0007725180712175735
19,0.005551968914647569,0.0006359947735152841
нача,0.0033545242577517147,0.00345625060945867
мск,0.002927682106439632,0.0
олимпийск,0.0029109473978873686,0.0
чемпионк,0.0017400374783556303,0.0
алин,0.0034800749567112607,0.0
загитов,0.005220112435066891,0.0
что,0.0051464463502809525,0.003942055275089292
придава,0.0017400374783556303,0.0
е,0.00391471173997584,0.0019504679805360334
мотивац,0.0017400374783556303,0.0
для,0.0022372768967586975,0.005107054422009884
тренировк,0.0034800749567112607,0.0
выступлен,0.004295947385770274,0.0
спортсменк,0.0017400374783556303,0.0
призна,0.0021437476692942733,0.0
представля,0.0012218241346442578,0.000895922758908556
жизн,0.0012218241346442578,0.001791845517817112
без,0.002826162522220746,0.000687094558154585
фигурн,0.002799994350718702,0.0
катан,0.002799994350718702,0.0
я,0.006739374444578718,0.0
получа,0.001413081261110373,0.0014978661367769954
вниман,0.001413081261110373,0.0004267424891102551
посл,0.005008498461962334,0.0006240526266071977
олимпиад,0.0017400374783556303,0.0
2018,0.0017400374783556303,0.0
отмет,0.003302703911295804,0.0013570895016977818
слов,0.0036381475034703292,0.0014542669939523222
привод,0.001413081261110373,0.0008534849782205102
японск,0.0017400374783556303,0.0
сайт,0.0009808686517357717,0.002175189247993986
number,0.0017400374783556303,0.0
web,0.0017400374783556303,0.0
при,0.001501293462292191,0.0031303750328760135
эт,0.003063473023569725,0.0036577122368482
фигуристк,0.0034800749567112607,0.0
добав,0.002826162522220746,0.000489498737508822
он,0.003945514161524338,0.0032559459042718593
измен,0.0017400374783556303,0.0
оста,0.0012218241346442578,0.0026546216291836117
так,0.0027370964072160383,0.004238960846757234
же,0.00194357306918014,0.0014539426328317672
прежд,0.001413081261110373,0.0003435472790772925
мечт,0.005220112435066891,0.0
очен,0.002130608751454889,0.0015498943167800018
важн,0.001086125043865116,0.001769015500628783
мен,0.003437224689187394,0.0
осознан,0.0017400374783556303,0.0
мо,0.005461368117264415,0.0
помога,0.001413081261110373,0.0010306418372318777
мне,0.0017400374783556303,0.0
поясн,0.0017400374783556303,0.0
неудач,0.0017400374783556303,0.0
имен,0.0021521366609919892,0.0010854328814065123
мысл,0.0017400374783556303,0.0
позволя,0.001086125043865116,0.0021239228902310034
об,0.0046942663638037205,0.0022079689476172957
всем,0.0009808686517357717,0.0018848878491075764
заб,0.0024853690933983198,0.0007235383143703426
продолжа,0.002973358486919743,0.0
работа,0.002218385635721661,0.0
хотет,0.004647999723349469,0.0
далек,0.0017400374783556303,0.0
ката,0.0017400374783556303,0.0
ошибк,0.004533635712729113,0.0
сезон,0.00701860340139851,0.0
2017/18,0.0027747777490894597,0.0
ближайш,0.0027237766851273193,0.0035250058365783716
чемпионат,0.007764286787471231,0.0
франц,0.0030740662117616133,0.0
псж,0.006797545118706847,0.0
сыгра,0.006875790483886686,0.0
монак,0.006148132423523227,0.0
специальн,0.0030740662117616133,0.0
футболк,0.0030740662117616133,0.0
изображен,0.0030740662117616133,0.0
собор,0.006148132423523227,0.0
парижск,0.0030740662117616133,0.0
богоматер,0.0030740662117616133,0.0
сообща,0.004581148429292468,0.00186916920225648
намер,0.0024964435612949924,0.00137418911630917
собра,0.0030740662117616133,0.0
средств,0.0024964435612949924,0.0007489330683884977
восстановлен,0.0030740662117616133,0.0
серьезн,0.0021585559712048556,0.002413477458601748
пострада,0.0030740662117616133,0.0
от,0.0029642857023244075,0.0035075564809955995
пожар,0.0030740662117616133,0.0
15,0.0021585559712048556,0.0010941495500670002
досрочн,0.0030740662117616133,0.0
оформлен,0.0030740662117616133,0.0
чемпионск,0.0030740662117616133,0.0
титул,0.0030740662117616133,0.0
достаточн,0.0024964435612949924,0.0013024922928495614
внич,0.0030740662117616133,0.0
встреч,0.006756362523940194,0.0
межд,0.003388030547471775,0.0
21,0.0030740662117616133,0.0
00,0.0024964435612949924,0.000489498737508822
штырк,0.0024924861176445516,0.0
попаст,0.0038288014241938824,0.0
больниц,0.004984972235289103,0.0
за,0.005617835650404591,0.0026067808363436115
ден,0.0015558007385094905,0.00223555424619635
до,0.001803119354834993,0.004171499147012352
ufc,0.007477458352933656,0.0
питер,0.0024924861176445516,0.0
бо,0.007477458352933656,0.0
отмен,0.007477458352933656,0.0
американск,0.0024924861176445516,0.0
боец,0.0024924861176445516,0.0
дэвин,0.0024924861176445516,0.0
кларк,0.004984972235289103,0.0
сообщ,0.0032118598960768395,0.0013591121187449908
ег,0.002373240412438411,0.0030152674098657024
россиянин,0.004641103692913915,0.0
ива,0.0024924861176445516,0.0
штырков,0.0024924861176445516,0.0
поединок,0.0024924861176445516,0.0
должн,0.0026978573938207634,0.003572880379244287
20,0.005435750392283625,0.0
турнир,0.005711920439953258,0.0
санкт,0.0037071390873770157,0.0
петербург,0.0037071390873770157,0.0
поблагодар,0.0024924861176445516,0.0
вас,0.0024924861176445516,0.0
поддержк,0.004048286856154042,0.0010052792864275136
сожален,0.0024924861176445516,0.0
заболет,0.0024924861176445516,0.0
сейчас,0.0017501805171931263,0.0018357627388136707
наход,0.002024143428077021,0.0005783266937362917
ещ,0.0022324787082834306,0.0020148968971007587
раз,0.002241093920948195,0.0007042429687806491
спасиб,0.0024924861176445516,0.0
мног,0.0016728436972691025,0.0019603171426656476
знач,0.005768808770019509,0.0
инстагр,0.0024924861176445516,0.0
медвед,0.009606456911755042,0.0
вперв,0.0053655486510062,0.0
обыгра,0.0038425827647020168,0.0
джокович,0.0076851655294040335,0.0
2019,0.0009880833254613966,0.0026412305946620393
17,0.0019212913823510084,0.0
42,0.0019212913823510084,0.0
российск,0.0015602772258093702,0.0005783266937362917
теннисист,0.0038425827647020168,0.0
дан,0.003023926911189614,0.0034362843714845935
серб,0.005763874147053026,0.0
новак,0.0038425827647020168,0.0
четвертьфина,0.003731050478573192,0.0
atp,0.0038425827647020168,0.0
монт,0.0019212913823510084,0.0
карл,0.0019212913823510084,0.0
час,0.0015602772258093702,0.0011566533874725834
минут,0.0013490974820030348,0.0013521131439217572
три,0.00383987784685197,0.0012777701613470582
эйс,0.0038425827647020168,0.0
две,0.0019212913823510084,0.0
двойн,0.0038425827647020168,0.0
ракетк,0.0038425827647020168,0.0
мир,0.004430046983690666,0.0018619448196800135
четыр,0.002807498777234749,0.0007063144457036951
карьер,0.0029219737137884567,0.0
предыдущ,0.0019212913823510084,0.0
заканчива,0.0019212913823510084,0.0
польз,0.0015602772258093702,0.000836796724456422
сербск,0.0019212913823510084,0.0
6,0.004680831677428111,0.0005026396432137568
4,0.002245892656992299,0.0010926542264073941
полуфина,0.0030216100421771703,0.0
10,0.003958791323731772,0.0
встрет,0.0019212913823510084,0.0
душан,0.0019212913823510084,0.0
лайович,0.0019212913823510084,0.0
48,0.0019212913823510084,0.0
й,0.0019212913823510084,0.0
рейтинг,0.0015602772258093702,0.000836796724456422
синхронистк,0.0020724041877044587,0.0
рф,0.0020724041877044587,0.0
выигра,0.0020724041877044587,0.0
техническ,0.0033659913185999897,0.0004267424891102551
программ,0.002910412545444749,0.0067719403018191545
этап,0.0047276878065790765,0.0
миров,0.0033659913185999897,0.0007489330683884977
вчер,0.0016829956592999949,0.0009189362802312854
44,0.0020724041877044587,0.0
9229,0.0020724041877044587,0.0
казан,0.004144808375408917,0.0
ри,0.0020724041877044587,0.0
новост,0.0016829956592999949,0.000489498737508822
сборн,0.008947327944143883,0.0
командн,0.0020724041877044587,0.0
соревнован,0.0020724041877044587,0.0
синхрон,0.0020724041877044587,0.0
плаван,0.0020724041877044587,0.0
проход,0.0020724041877044587,0.0
совмест,0.0020724041877044587,0.0
россиянк,0.0020724041877044587,0.0
получ,0.0020674644769142535,0.0018290365557464866
оценк,0.0016829956592999949,0.0011566533874725834
95,0.0020724041877044587,0.0
3411,0.0020724041877044587,0.0
втор,0.008390902056750586,0.0
мест,0.004829536922641169,0.0017667767943250492
заня,0.005177582491409365,0.0006431801935737559
белорусс,0.005427661001242484,0.0
83,0.0020724041877044587,0.0
4736,0.0020724041877044587,0.0
венгр,0.0020724041877044587,0.0
78,0.0030446921472790816,0.0
4414,0.0020724041877044587,0.0
84,0.004144808375408917,0.0
9964,0.0020724041877044587,0.0
москв,0.0019477306232233854,0.0038595758030190524
5767,0.0020724041877044587,0.0
пресс,0.004646158850187902,0.0
атташ,0.0034156291241795706,0.0
федерац,0.0065184915211591475,0.0
ффккр,0.0017078145620897853,0.0
ольг,0.0017078145620897853,0.0
ермолин,0.006831258248359141,0.0
осуд,0.00341105651768535,0.0
известн,0.001066011617126873,0.0014740344709944521
журналистк,0.0017078145620897853,0.0
ел,0.0017078145620897853,0.0
вайцеховск,0.0051234436862693565,0.0
критик,0.0017078145620897853,0.0
метод,0.001066011617126873,0.0012409336524923339
работ,0.0010356365702810632,0.004409835090488648
этер,0.0034156291241795706,0.0
тутберидз,0.0034156291241795706,0.0
подчеркнут,0.001386913089608329,0.0004267424891102551
высказыва,0.0017078145620897853,0.0
лиш,0.001066011617126873,0.0022636315857817407
собствен,0.001386913089608329,0.0010699043834121395
позиц,0.0017078145620897853,0.0
а,0.0009384282706679412,0.0052353205761533845
говор,0.002080683740928151,0.001997304298436817
реальн,0.0017078145620897853,0.0
уж,0.0009818993442545641,0.004673435523718595
смешн,0.001386913089608329,0.0009303516377496867
чита,0.0017078145620897853,0.0
очередн,0.001386913089608329,0.0014978661367769954
опус,0.0017078145620897853,0.0
госпож,0.0017078145620897853,0.0
выпад,0.0017078145620897853,0.0
адрес,0.0017078145620897853,0.0
написа,0.001386913089608329,0.0018723326709712443
страниц,0.0017078145620897853,0.0
facebook,0.0017078145620897853,0.0
мнен,0.002192217464219617,0.0
журналист,0.004336685673987435,0.00108972193259323
объективн,0.001386913089608329,0.0007489330683884977
специалист,0.001970110608639352,0.0016189169784036415
убед,0.0017078145620897853,0.0
игнорирова,0.0017078145620897853,0.0
факт,0.001386913089608329,0.0003435472790772925
дела,0.005413434962664768,0.0
умозаключен,0.0017078145620897853,0.0
исход,0.0017078145620897853,0.0
из,0.0043476481669063975,0.00294280670363931
личн,0.001386913089608329,0.000836796724456422
симпат,0.0017078145620897853,0.0
антипат,0.0017078145620897853,0.0
сегодн,0.0008782962892990191,0.0020353786447789676
все,0.002097381067741516,0.003851750949283101
каса,0.001386913089608329,0.001126215140433831
ученик,0.0017078145620897853,0.0
писа,0.001386913089608329,0.00137418911630917
примерн,0.0017078145620897853,0.0
схем,0.0011991977617804752,0.0010821753761678034
заяв,0.0032945868813997027,0.0010170579082590205
тольк,0.0016890313255750369,0.0017576297645939404
вот,0.0017078145620897853,0.0
прогноз,0.001386913089608329,0.001085410244041301
имет,0.0017201551094547269,0.0016230628005127201
нич,0.001386913089608329,0.0005026396432137568
общ,0.0031915710857251907,0.0
послед,0.0017078145620897853,0.0
реальност,0.0017078145620897853,0.0
туринск,0.002754809836260921,0.0
ювентус,0.004778953264337941,0.0
криштиан,0.0024924861176445516,0.0
роналд,0.0024924861176445516,0.0
показа,0.0024924861176445516,0.0
стран,0.0029275746833048654,0.0008044307967223065
жест,0.004984972235289103,0.0
голландск,0.0024924861176445516,0.0
аякс,0.002754809836260921,0.0
чемпион,0.0056039926413930154,0.0
советск,0.0038288014241938824,0.0
уход,0.0017501805171931263,0.00114761836770235
пол,0.002024143428077021,0.0008534849782205102
форвард,0.0037555610745815234,0.0
провест,0.004655798858859835,0.0
рук,0.002024143428077021,0.000687094558154585
возл,0.0024924861176445516,0.0
пят,0.0017501805171931263,0.0012235898907112359
точк,0.0024924861176445516,0.0
намека,0.0024924861176445516,0.0
распространен,0.002024143428077021,0.000836796724456422
зап,0.002024143428077021,0.0018723326709712443
пользовател,0.0014050280687025918,0.002592664226211699
социальн,0.0017501805171931263,0.0041289809173964435
португальск,0.0024924861176445516,0.0
футболист,0.0039423549034652335,0.0
поступок,0.0024924861176445516,0.0
поражен,0.0024924861176445516,0.0
стар,0.0024924861176445516,0.0
синьор,0.0024924861176445516,0.0
полузащитник,0.0028294478026883087,0.0
хедир,0.0024924861176445516,0.0
пропуст,0.0024924861176445516,0.0
остаток,0.0024924861176445516,0.0
травм,0.003152865843429034,0.0
экс,0.000991634261858585,0.0
тоттенхэм,0.001535970782795188,0.0
англ,0.001535970782795188,0.0
джермэйн,0.000991634261858585,0.0
дженас,0.000991634261858585,0.0
выраз,0.000991634261858585,0.0
манчестер,0.005776965528160251,0.0
юнайтед,0.005776965528160251,0.0
потороп,0.000991634261858585,0.0
назнач,0.003146579532017764,0.0
ол,0.00198326852371717,0.0
гуннар,0.00260996237072815,0.0
сульшер,0.0034152667453394374,0.0
нов,0.001058467670616931,0.0039985755272138575
наставник,0.000991634261858585,0.0
увольнен,0.000991634261858585,0.0
жоз,0.000991634261858585,0.0
моурин,0.00198326852371717,0.0
ли,0.0016029852108657198,0.000914455627720682
решен,0.0016039299750298032,0.005585697450920428
верн,0.000991634261858585,0.0
нет,0.0011497400997191175,0.0015098625438639786
чувствова,0.000991634261858585,0.0
принят,0.000991634261858585,0.0
эмоц,0.0036811247848770033,0.0
хот,0.000991634261858585,0.0
продума,0.000991634261858585,0.0
логичн,0.0008053043746112879,0.0005026396432137568
долгосрочн,0.000991634261858585,0.0
перспектив,0.000991634261858585,0.0
один,0.001304267669802695,0.0017113808123604395
вещ,0.0006189744873639909,0.0020069285112851365
уйт,0.001304267669802695,0.0023069132604620797
переста,0.001180580607606441,0.0014655320125002008
пут,0.000991634261858585,0.0
мю,0.00198326852371717,0.0
привыкнут,0.000991634261858585,0.0
то,0.0029181891550562533,0.0035944684521143967
сэр,0.000991634261858585,0.0
алекс,0.0012731179796918446,0.0007964191557753367
фергюсон,0.00198326852371717,0.0
уникальн,0.0008053043746112879,0.0003435472790772925
оказа,0.0006963083778080179,0.00204347017825096
трудн,0.000991634261858585,0.0
воспроизвест,0.000991634261858585,0.0
помощ,0.0004326446001166937,0.0032346537312573148
лучш,0.004186374257886643,0.0004351192625885049
планет,0.000991634261858585,0.0
когд,0.0016029852108657198,0.0018428621883124485
гвардиол,0.000991634261858585,0.0
прийт,0.002484848277409136,0.0007063144457036951
сит,0.000991634261858585,0.0
том,0.0014772737501902394,0.0031305468648934144
манчин,0.000991634261858585,0.0
пеллегрин,0.000991634261858585,0.0
клопп,0.000991634261858585,0.0
ливерпул,0.002266637190979088,0.0
стил,0.000991634261858585,0.0
нужн,0.001696891360788071,0.0
дума,0.00198326852371717,0.0
им,0.0016106087492225758,0.0007489330683884977
над,0.0029389639323065694,0.0
иска,0.000991634261858585,0.0
кто,0.0026602174333027156,0.0005756462732485115
приблиз,0.000991634261858585,0.0
необходим,0.0006189744873639909,0.0012352416915828238
найт,0.0006189744873639909,0.001832961151620868
индивидуальн,0.000991634261858585,0.0
пыта,0.002588478346964854,0.0
но,0.0015493606890596724,0.004964525701554362
реш,0.0008053043746112879,0.0005783266937362917
нег,0.0006963083778080179,0.0015191933899567594
став,0.0029925816385229314,0.0
знат,0.002539131511732909,0.0
да,0.000991634261858585,0.0
полага,0.000991634261858585,0.0
эмоциональн,0.000991634261858585,0.0
прода,0.002222216538622853,0.0
ромел,0.002222216538622853,0.0
лукак,0.004444433077245706,0.0
информац,0.001142843364389085,0.002514135955151711
the,0.001804657996116862,0.0005783266937362917
telegraph,0.002222216538622853,0.0
красн,0.002222216538622853,0.0
дьявол,0.002222216538622853,0.0
ул,0.002222216538622853,0.0
кадров,0.001804657996116862,0.0005026396432137568
изменен,0.0015604019068950763,0.002342455292773984
ест,0.0015604019068950763,0.0016228045322585608
вероятн,0.0015604019068950763,0.0015726622075921091
бельгийск,0.002222216538622853,0.0
одн,0.0018839942704424364,0.003205513788510996
покинут,0.001804657996116862,0.0014978661367769954
однак,0.0015604019068950763,0.0010925222410720274
руководств,0.001804657996116862,0.0018723326709712443
ждат,0.0016817979055498468,0.0028031234851087746
достойн,0.002222216538622853,0.0
предложен,0.002222216538622853,0.0
сфер,0.0015604019068950763,0.0010916094670611598
интерес,0.002041242945938725,0.0015049575771202916
миланск,0.0025353244043007624,0.0
интер,0.003265990812484662,0.0
французск,0.002222216538622853,0.0
мюнхенск,0.002222216538622853,0.0
бавар,0.002222216538622853,0.0
агент,0.0025353244043007624,0.0
спортсм,0.002222216538622853,0.0
предпочест,0.002222216538622853,0.0
бы,0.002296273260714914,0.0009250954162306525
итал,0.0034873079689950208,0.0
вратар,0.0033025241328938576,0.0
извин,0.002222216538622853,0.0
гол,0.003265990812484662,0.0
месс,0.005457990037036363,0.0
хокк,0.0027233929759581735,0.0
фхб,0.004611099317642421,0.0
рассматрива,0.0023055496588212103,0.0
повестк,0.004611099317642421,0.0
вопрос,0.004217668041009115,0.0007063144457036951
отз,0.004611099317642421,0.0
минск,0.006916648976463631,0.0
динам,0.009222198635284841,0.0
соста,0.0035458230405035858,0.0
сих,0.0018723326709712443,0.001126215140433831
пор,0.0018723326709712443,0.001126215140433831
момент,0.0014391156831212787,0.002538564310599026
тасс,0.0023055496588212103,0.0
служб,0.0016189169784036415,0.0006660329135647383
2018/19,0.0023055496588212103,0.0
предпоследн,0.0023055496588212103,0.0
одиннадцат,0.0023055496588212103,0.0
турнирн,0.0023055496588212103,0.0
таблиц,0.0023055496588212103,0.0
западн,0.0023055496588212103,0.0
президент,0.0036769906670881063,0.0
александр,0.0027233929759581735,0.0
лукашенк,0.0023055496588212103,0.0
послан,0.0023055496588212103,0.0
народ,0.0023055496588212103,0.0
собран,0.0023055496588212103,0.0
коснут,0.0023055496588212103,0.0
поддержа,0.0014717427076396743,0.000895922758908556
бомбардир,0.003063817097952945,0.0
ил,0.00045722667966877843,0.004179012802722331
михеев,0.0020959542352920095,0.0
есл,0.0013082869846557077,0.0014846676654419173
захотет,0.0010479771176460048,0.0
отправ,0.002041242945938725,0.0007964191557753367
председател,0.0008510603049869293,0.0004267424891102551
совет,0.0008510603049869293,0.0008534849782205102
директор,0.0008510603049869293,0.0009189362802312854
крыл,0.0020959542352920095,0.0
регулярн,0.0022127567929660164,0.0
45,0.0010479771176460048,0.0
23,0.0015817267131708293,0.0
+,0.002747402667776987,0.001828911255441364
поддержива,0.0010479771176460048,0.0
илюх,0.0010479771176460048,0.0
чтоб,0.001339436674766558,0.0017585532603816081
уеха,0.0026557183011037913,0.0
северн,0.0021312877723176945,0.0
америк,0.0021312877723176945,0.0
попробова,0.0010479771176460048,0.0
сил,0.0008510603049869293,0.0003435472790772925
прав,0.0006541434923278539,0.0012352416915828238
запреща,0.0010479771176460048,0.0
конечн,0.0017426472911637124,0.0
назад,0.0010479771176460048,0.0
дат,0.0021312877723176945,0.0
ем,0.001339436674766558,0.000839704196757003
этот,0.0013082869846557077,0.0018425125888919536
шанс,0.0010479771176460048,0.0
разумеет,0.0010479771176460048,0.0
понадоб,0.0010479771176460048,0.0
усилен,0.0010479771176460048,0.0
идт,0.0008510603049869293,0.0004267424891102551
нынешн,0.0010479771176460048,0.0
проблем,0.0006541434923278539,0.0015742059138322728
ар,0.0007358713538198372,0.000895922758908556
подмосковн,0.0010479771176460048,0.0
балаших,0.0026557183011037913,0.0
неправд,0.0010479771176460048,0.0
поеха,0.0010479771176460048,0.0
игра,0.0035067786060907205,0.0
ни,0.0008510603049869293,0.0009303516377496867
подписа,0.0010479771176460048,0.0
услов,0.0010479771176460048,0.0
даж,0.0007358713538198372,0.0015608117002175758
емелин,0.0010479771176460048,0.0
прост,0.0008510603049869293,0.0009303516377496867
договор,0.0026557183011037913,0.0
год,0.0019030180045591766,0.004248033808114671
там,0.0008510603049869293,0.0018723326709712443
принципиальн,0.0010479771176460048,0.0
никогд,0.0010479771176460048,0.0
стоя,0.0010479771176460048,0.0
ограничен,0.0008510603049869293,0.0012802274673307653
функционер,0.0010479771176460048,0.0
макс,0.0015764442111598019,0.0
мамин,0.0031528884223196037,0.0
прокомментирова,0.0015764442111598019,0.0
sport24,0.0015764442111598019,0.0
армейц,0.0015764442111598019,0.0
завоева,0.0015764442111598019,0.0
впечатлен,0.0015764442111598019,0.0
радостн,0.0015764442111598019,0.0
смотрет,0.0015764442111598019,0.0
лиц,0.0008886502314871094,0.0021784297780993926
партнер,0.0008107350362760177,0.004266528809098643
сем,0.0015764442111598019,0.0
обнима,0.0015764442111598019,0.0
либ,0.0012802274673307653,0.001126215140433831
испытыва,0.0015764442111598019,0.0
!,0.0031528884223196037,0.0
зря,0.0015764442111598019,0.0
возвраща,0.0015764442111598019,0.0
флорид,0.0031528884223196037,0.0
моч,0.0011667933583733175,0.0021762944879230328
мечта,0.0015764442111598019,0.0
настро,0.0015764442111598019,0.0
вернут,0.0015764442111598019,0.0
попразднова,0.0015764442111598019,0.0
выступа,0.0012734472277115985,0.0018961244064385862
пантерз,0.0015764442111598019,0.0
цен,0.0008886502314871094,0.0046482251690888095
подел,0.0015764442111598019,0.0
/московск,0.002222216538622853,0.0
область/,0.002222216538622853,0.0
/тасс/,0.001804657996116862,0.0004267424891102551
межсезон,0.002222216538622853,0.0
пятниц,0.004444433077245706,0.0
игор,0.002222216538622853,0.0
есмантович,0.004444433077245706,0.0
переигра,0.002222216538622853,0.0
обладател,0.0031663544840959484,0.0
никт,0.002222216538622853,0.0
океа,0.002222216538622853,0.0
надея,0.003609315992233724,0.000687094558154585
сереж,0.002222216538622853,0.0
андронов,0.002222216538622853,0.0
нас,0.0035878319684704285,0.0
предварительн,0.002222216538622853,0.0
разговор,0.002222216538622853,0.0
найд,0.002222216538622853,0.0
язык,0.001804657996116862,0.0003435472790772925
нью,0.0018444397270569683,0.0
йорк,0.0018444397270569683,0.0
рейнджерс,0.0036888794541139365,0.0
хенрик,0.0018444397270569683,0.0
лундквист,0.005533319181170905,0.0
соглас,0.0018444397270569683,0.0
выступ,0.0014978661367769954,0.0009189362802312854
швец,0.0036888794541139365,0.0
информирова,0.0018444397270569683,0.0
шведск,0.0014978661367769954,0.0005783266937362917
новостн,0.0018444397270569683,0.0
порта,0.0014978661367769954,0.0025103901733692664
svt,0.0018444397270569683,0.0
текущ,0.0012951335827229133,0.0010821753761678034
12,0.0012951335827229133,0.0016929850754547886
сумет,0.0018444397270569683,0.0
52,0.0018444397270569683,0.0
средн,0.0010397207708399178,0.002047789735961412
пропуска,0.0018444397270569683,0.0
07,0.0018444397270569683,0.0
шайб,0.0028595626247560823,0.0
37,0.0018444397270569683,0.0
летн,0.003104300228211684,0.0
станов,0.001151292546497023,0.0015624338672212545
2006,0.0018444397270569683,0.0
такж,0.0011492467677656662,0.005032127857802186
2017,0.0018444397270569683,0.0
словацк,0.0018444397270569683,0.0
братислав,0.0018444397270569683,0.0
кошиц,0.0018444397270569683,0.0
26,0.0022285325449608955,0.0
ма,0.0025586785414769752,0.0008044307967223065
групп,0.0018444397270569683,0.0
австр,0.0018444397270569683,0.0
латв,0.0018444397270569683,0.0
норвег,0.0018444397270569683,0.0
чех,0.0028595626247560823,0.0
швейцар,0.0018444397270569683,0.0
47,0.0016767633882336073,0.0
кладн,0.0033535267764672146,0.0
яромир,0.0016767633882336073,0.0
ягр,0.006707053552934429,0.0
заброс,0.0016767633882336073,0.0
ческ,0.0016767633882336073,0.0
будеевиц,0.0016767633882336073,0.0
чешск,0.0016767633882336073,0.0
дивизион,0.005030290164700822,0.0
образ,0.0016767633882336073,0.0
путевк,0.0016767633882336073,0.0
высш,0.0016767633882336073,0.0
напомн,0.0018091666454887704,0.0003689839267016847
2011,0.0016767633882336073,0.0
явля,0.0009452007007635616,0.00242848173981587
владелец,0.0016767633882336073,0.0
начина,0.0016767633882336073,0.0
1980,0.0016767633882336073,0.0
действ,0.0013616964879790867,0.0008534849782205102
занима,0.0011773941661117394,0.000895922758908556
список,0.0013616964879790867,0.0007489330683884977
уэйн,0.0016767633882336073,0.0
гретцк,0.0016767633882336073,0.0
акт,0.0016767633882336073,0.0
1921,0.0016767633882336073,0.0
766,0.0016767633882336073,0.0
1155,0.0016767633882336073,0.0
201,0.0016767633882336073,0.0
123,0.0016767633882336073,0.0
аргентинск,0.0008997266961253503,0.0
барселон,0.002699180088376051,0.0
лионел,0.0017994533922507006,0.0
прошедш,0.0007306664081839001,0.0009189362802312854
недел,0.001263544958754062,0.0016929850754547886
официальн,0.0005071808638243502,0.005099423223758063
твиттер,0.0008997266961253503,0.0
вторник,0.0014613328163678003,0.0009854382478796022
камп,0.0008997266961253503,0.0
лч,0.0008997266961253503,0.0
английск,0.0008997266961253503,0.0
два,0.0007306664081839001,0.0005026396432137568
трех,0.0008997266961253503,0.0
итогов,0.0008997266961253503,0.0
состав,0.000631772479377031,0.0018497414297815717
0,0.000631772479377031,0.0033859701509095772
позвол,0.0007306664081839001,0.002170820488082602
барс,0.0008997266961253503,0.0
манкунианц,0.0008997266961253503,0.0
нос,0.0008997266961253503,0.0
наград,0.0008997266961253503,0.0
сопернича,0.0008997266961253503,0.0
матейс,0.0008997266961253503,0.0
де,0.0008997266961253503,0.0
лигт,0.0008997266961253503,0.0
роберт,0.0008997266961253503,0.0
фирмин,0.0008997266961253503,0.0
сон,0.0008997266961253503,0.0
хен,0.0008997266961253503,0.0
мин,0.0008997266961253503,0.0
ответн,0.0008997266961253503,0.0
сред,0.0005071808638243502,0.0023426508549255613
7,0.0005616061202424502,0.005263819521438721
ванд,0.0008997266961253503,0.0
нар,0.0008997266961253503,0.0
жен,0.0017994533922507006,0.0
маур,0.0008997266961253503,0.0
икард,0.003598906784501401,0.0
аргентинец,0.0008997266961253503,0.0
продолж,0.0008997266961253503,0.0
след,0.001263544958754062,0.00093466016114724
остан,0.0008997266961253503,0.0
зде,0.0008997266961253503,0.0
calciomercato,0.0008997266961253503,0.0
попада,0.0007306664081839001,0.0008534849782205102
протяжен,0.0008997266961253503,0.0
двух,0.0007306664081839001,0.0009854382478796022
месяц,0.0008997266961253503,0.0
соглашен,0.0008997266961253503,0.0
относительн,0.0007306664081839001,0.0003435472790772925
контракт,0.0008997266961253503,0.0
услуг,0.0008997266961253503,0.0
заинтересова,0.0008997266961253503,0.0
мадридск,0.0008997266961253503,0.0
атлетик,0.0008997266961253503,0.0
реа,0.0008997266961253503,0.0
наполот,0.0008997266961253503,0.0
отда,0.0008997266961253503,0.0
передач,0.0008997266961253503,0.0
семак,0.003293642369744586,0.0
обвин,0.0010978807899148621,0.0
краснодар,0.003293642369744586,0.0
попытк,0.0010978807899148621,0.0
спровоцирова,0.003293642369744586,0.0
драк,0.0021957615798297242,0.0
петербургск,0.0010978807899148621,0.0
зен,0.0010978807899148621,0.0
серг,0.000891586986176783,0.000489498737508822
едв,0.0010978807899148621,0.0
привест,0.000770912846858877,0.0010165507180631412
массов,0.0006852931824387041,0.003031767881228799
представител,0.000891586986176783,0.0003435472790772925
тренерск,0.0010978807899148621,0.0
штаб,0.0010978807899148621,0.0
поня,0.0026747609585303493,0.0003435472790772925
чем,0.001541825693717754,0.0014385541725169173
связа,0.000770912846858877,0.0013711051057317993
заминк,0.0010978807899148621,0.0
выполнен,0.000770912846858877,0.0025367983478104773
зам,0.0043915231596594485,0.0
конфликт,0.0021957615798297242,0.0
провод,0.0010978807899148621,0.0
лим,0.0021957615798297242,0.0
снача,0.0021957615798297242,0.0
планирова,0.0006188814112142369,0.0023458772098579363
выпуст,0.0026747609585303493,0.000687094558154585
вмест,0.001783173972353566,0.000836796724456422
иностранц,0.003293642369744586,0.0
ригон,0.0010978807899148621,0.0
суд,0.000770912846858877,0.0033046886784267723
поднима,0.000891586986176783,0.000687094558154585
совс,0.0006852931824387041,0.0011827589364790357
резервн,0.0010978807899148621,0.0
деся,0.0010978807899148621,0.0
объясн,0.0010978807899148621,0.0
объясня,0.0010978807899148621,0.0
противоположн,0.0010978807899148621,0.0
убра,0.0010978807899148621,0.0
пот,0.0010978807899148621,0.0
вынужден,0.0010978807899148621,0.0
растеря,0.0010978807899148621,0.0
боков,0.0010978807899148621,0.0
арбитр,0.0010978807899148621,0.0
повод,0.0010978807899148621,0.0
оздоев,0.0010978807899148621,0.0
быва,0.0010978807899148621,0.0
замен,0.0010978807899148621,0.0
скамейк,0.0010978807899148621,0.0
„,0.0010978807899148621,0.0
“,0.0010978807899148621,0.0
ровн,0.0010978807899148621,0.0
можн,0.00047899937870062514,0.0035372185653511023
ясн,0.0010978807899148621,0.0
понятн,0.0010978807899148621,0.0
цитирова,0.0010978807899148621,0.0
sports,0.0010978807899148621,0.0
ru,0.000891586986176783,0.0004267424891102551
﻿лг,0.0,0.0006731531850572876
представ,0.0,0.003991429497641736
систем,0.0,0.006031026186273209
умн,0.0,0.006779865255758526
дом,0.0,0.00477737589123701
новинк,0.0,0.0017479843264894199
бытов,0.0,0.003626270872901692
техник,0.0,0.00366885071016916
центр,0.0,0.0010361652107850976
бизнес,0.0,0.0049192077029814
спортивн,0.0,0.0010361652107850976
кластер,0.0,0.0010361652107850976
втб,0.0,0.0010361652107850976
парк,0.0,0.0010361652107850976
отел,0.0,0.0016194610732788988
hyatt,0.0,0.0010361652107850976
regency,0.0,0.0010361652107850976
moscow,0.0,0.0010361652107850976
petrovsky,0.0,0.0010361652107850976
park,0.0,0.0010361652107850976
lg,0.0,0.012216105421285407
electronics,0.0,0.0020723304215701953
дизайнер,0.0,0.0010361652107850976
интерьер,0.0,0.0010361652107850976
thinq,0.0,0.0031084956323552933
ai,0.0,0.0031084956323552933
област,0.0,0.0023013767328956282
искусствен,0.0,0.0037366806296804155
интеллект,0.0,0.004730475618868264
интернет,0.0,0.004335726008731943
премиальн,0.0,0.0010361652107850976
ауд,0.0,0.0010361652107850976
популярн,0.0,0.0033868273853936382
востребова,0.0,0.0010361652107850976
постепен,0.0,0.0018210181751392087
проника,0.0,0.0010361652107850976
россия,0.0,0.0010361652107850976
следова,0.0,0.0013959743352494492
глобальн,0.0,0.0010361652107850976
тенденц,0.0,0.0015434895502700126
через,0.0,0.003804391486320416
wi,0.0,0.0010361652107850976
fi,0.0,0.0010361652107850976
соединен,0.0,0.0010361652107850976
объединя,0.0,0.0010361652107850976
себ,0.0,0.0010361652107850976
устройств,0.0,0.007604395337342922
производим,0.0,0.0010361652107850976
компан,0.0,0.007449203173725288
центральн,0.0,0.0010361652107850976
телевизор,0.0,0.0031084956323552933
платформ,0.0,0.004869546984015665
smart,0.0,0.0047813235070772965
качеств,0.0,0.002940186105057023
един,0.0,0.0020723304215701953
пользовательск,0.0,0.0010361652107850976
интерфейс,0.0,0.0013959743352494492
консолидац,0.0,0.0010361652107850976
встро,0.0,0.00183442535508458
панел,0.0,0.0018210181751392087
управлен,0.0,0.0010361652107850976
контролирова,0.0,0.0015434895502700126
прибор,0.0,0.0017479843264894199
находя,0.0,0.0010361652107850976
домашн,0.0,0.0010361652107850976
голосов,0.0,0.0038172767049000898
вы,0.0,0.0010361652107850976
поменя,0.0,0.0031084956323552933
температур,0.0,0.002643907085397976
холодильник,0.0,0.0010361652107850976
посмотрет,0.0,0.0010361652107850976
статус,0.0,0.0011929717457716095
стиральн,0.0,0.0010361652107850976
машин,0.0,0.0027641343521414125
styler,0.0,0.0010361652107850976
включ,0.0,0.0031084956323552933
/,0.0,0.003351243521278221
выключ,0.0,0.0031084956323552933
робот,0.0,0.005477854843855002
пылесос,0.0,0.0010361652107850976
зарядк,0.0,0.0010361652107850976
очистител,0.0,0.0010361652107850976
воздух,0.0,0.0022918970941580054
реж,0.0,0.0017479843264894199
скорост,0.0,0.002655840545003031
вентилятор,0.0,0.0010361652107850976
провер,0.0,0.0010361652107850976
пыл,0.0,0.0010361652107850976
кондиционер,0.0,0.0010361652107850976
мощност,0.0,0.0017479843264894199
поток,0.0,0.0010361652107850976
тем,0.0,0.003234603282497431
развит,0.0,0.002457813646680013
технолог,0.0,0.0032342070540272625
будущ,0.0,0.004633294712489511
скор,0.0,0.0010361652107850976
качествен,0.0,0.0015434895502700126
преобраз,0.0,0.0010361652107850976
всег,0.0,0.0038421944009854056
человечеств,0.0,0.0016194610732788988
подвластн,0.0,0.0010361652107850976
задач,0.0,0.0021588049640220465
алгоритм,0.0,0.001703657272857584
обучен,0.0,0.0031084956323552933
использ,0.0,0.0016194610732788988
глубин,0.0,0.0011929717457716095
преобразован,0.0,0.0010361652107850976
картинк,0.0,0.0010361652107850976
звук,0.0,0.0010361652107850976
способ,0.0,0.0010361652107850976
лаборатор,0.0,0.0020723304215701953
касперск,0.0,0.0020723304215701953
применя,0.0,0.0011929717457716095
эффективн,0.0,0.0022376989226306323
построен,0.0,0.0010361652107850976
модел,0.0,0.004619618119035792
способн,0.0,0.002461737125518045
автоматическ,0.0,0.0017870697194977165
различа,0.0,0.0010361652107850976
чист,0.0,0.0010361652107850976
вредоносн,0.0,0.0010361652107850976
файл,0.0,0.0010361652107850976
рассказыва,0.0,0.0013959743352494492
антивирусн,0.0,0.0010361652107850976
эксперт,0.0,0.00462209978038138
малан,0.0,0.0010361652107850976
приня,0.0,0.0015434895502700126
участ,0.0,0.0023013767328956282
территор,0.0,0.00183442535508458
клавиатур,0.0,0.004160390361782635
прошл,0.0,0.003489967947453365
предположен,0.0,0.0013867967872608783
врем,0.0,0.006392450458586152
навсегд,0.0,0.0013867967872608783
достоян,0.0,0.0013867967872608783
hi,0.0,0.0016157138779426532
tech,0.0,0.0016157138779426532
принадлежа,0.0,0.0013867967872608783
ассистент,0.0,0.0027735935745217565
давн,0.0,0.0013867967872608783
отойт,0.0,0.0013867967872608783
задн,0.0,0.0013867967872608783
план,0.0,0.0013867967872608783
их,0.0,0.004318757065654018
повсеместн,0.0,0.002211625384475132
использован,0.0,0.0019797001186543416
обществ,0.0,0.0013867967872608783
поскольк,0.0,0.0013867967872608783
прогресс,0.0,0.0013867967872608783
сто,0.0,0.002196119523845971
прежн,0.0,0.0020565667781835177
способствова,0.0,0.0013867967872608783
иногд,0.0,0.0013867967872608783
меша,0.0,0.0013867967872608783
полноцен,0.0,0.0032970356285164327
взаимодейств,0.0,0.0026667697241186334
некотор,0.0,0.0027735935745217565
девайс,0.0,0.002211625384475132
значительн,0.0,0.0013867967872608783
уменьша,0.0,0.0013867967872608783
подобн,0.0,0.003555130126505817
назва,0.0,0.0018751482088223289
причин,0.0,0.002362443102588058
частност,0.0,0.0019943719498972407
печатан,0.0,0.0013867967872608783
зависет,0.0,0.0013867967872608783
длин,0.0,0.0013867967872608783
натренирова,0.0,0.0013867967872608783
пальц,0.0,0.0013867967872608783
существен,0.0,0.0013867967872608783
ускор,0.0,0.0013867967872608783
упрост,0.0,0.0013867967872608783
процесс,0.0,0.0018751482088223289
пример,0.0,0.0016398175622285827
распечатк,0.0,0.0013867967872608783
бланк,0.0,0.0013867967872608783
государствен,0.0,0.0013867967872608783
учрежден,0.0,0.0013867967872608783
межбанковск,0.0,0.003915989900070576
акселерацион,0.0,0.005873984850105865
banktech,0.0,0.003915989900070576
организова,0.0,0.001957994950035288
финтех,0.0,0.003915989900070576
лаб,0.0,0.001957994950035288
газпромбанк,0.0,0.005873984850105865
акселератор,0.0,0.003915989900070576
старт,0.0,0.005071594421688476
конец,0.0,0.0021275936602611354
продл,0.0,0.001957994950035288
пода,0.0,0.001957994950035288
заявк,0.0,0.002988118658177702
результат,0.0,0.003915989900070576
сотрудничеств,0.0,0.001957994950035288
запуст,0.0,0.0026314876716308127
пилотн,0.0,0.001957994950035288
проект,0.0,0.002297131347645766
разработа,0.0,0.0029345111007907177
стартап,0.0,0.003915989900070576
прям,0.0,0.0020619690021564732
банк,0.0,0.003915989900070576
организатор,0.0,0.001957994950035288
приоритетн,0.0,0.001957994950035288
направлен,0.0,0.0025841320360439493
отбор,0.0,0.001957994950035288
роботизац,0.0,0.001957994950035288
входя,0.0,0.001957994950035288
исходя,0.0,0.001957994950035288
коммуникац,0.0,0.001990034062317842
клиент,0.0,0.005873984850105865
чат,0.0,0.001957994950035288
бот,0.0,0.001957994950035288
создан,0.0,0.001957994950035288
поиск,0.0,0.002430952928858158
потенциальн,0.0,0.002412195694202539
цифров,0.0,0.0024761413451946236
кана,0.0,0.001957994950035288
скорингов,0.0,0.001957994950035288
биометрическ,0.0,0.001957994950035288
идентификац,0.0,0.001957994950035288
сервис,0.0,0.0037549540776112616
мал,0.0,0.001957994950035288
риск,0.0,0.001957994950035288
профилирован,0.0,0.001957994950035288
числ,0.0,0.0026672311128505947
юридическ,0.0,0.001957994950035288
цифровизац,0.0,0.002430952928858158
банковск,0.0,0.001957994950035288
составля,0.0,0.0027552375959913823
современ,0.0,0.001990034062317842
финансов,0.0,0.001957994950035288
организац,0.0,0.001957994950035288
участник,0.0,0.0024250226496299356
планиру,0.0,0.001957994950035288
улучш,0.0,0.001957994950035288
продукт,0.0,0.002361076998637851
технологическ,0.0,0.0038205787357159238
начальник,0.0,0.001957994950035288
департамент,0.0,0.001957994950035288
информацион,0.0,0.0030093313324638686
инновац,0.0,0.0024165233898251312
екатерин,0.0,0.001957994950035288
фроловичев,0.0,0.001957994950035288
instagram,0.0,0.006916648976463631
скрыва,0.0,0.004611099317642421
количеств,0.0,0.005960545291991026
лайк,0.0,0.006916648976463631
возможн,0.0,0.004046120786899241
аккаунт,0.0,0.0023055496588212103
twitter,0.0,0.00279126895120253
джейн,0.0,0.0023055496588212103
маньчун,0.0,0.0023055496588212103
вонг,0.0,0.0023055496588212103
исследован,0.0,0.0023055496588212103
приложен,0.0,0.0033199667322348025
указа,0.0,0.0023055496588212103
под,0.0,0.00228494989196838
ин,0.0,0.0023055496588212103
постав,0.0,0.0023055496588212103
соцсет,0.0,0.002215879950048537
примечательн,0.0,0.0023055496588212103
якоб,0.0,0.0023055496588212103
согласн,0.0,0.0029577429150125455
перем,0.0,0.0023055496588212103
назрет,0.0,0.0023055496588212103
действительн,0.0,0.0022990751600814995
наста,0.0,0.0023055496588212103
оценива,0.0,0.002621265739359742
контент,0.0,0.0023055496588212103
фас,0.0,0.0036783698260395375
выработа,0.0,0.001050962807439868
подход,0.0,0.0015764442111598019
рассмотрен,0.0,0.0015764442111598019
антиконкурентн,0.0,0.0015764442111598019
поведен,0.0,0.0026274070185996696
ведомств,0.0,0.002101925614879736
зрен,0.0,0.001050962807439868
чащ,0.0,0.0011970322572978026
случа,0.0,0.004050548738136138
недобросовестн,0.0,0.0015764442111598019
электрон,0.0,0.002029160535719263
зачаст,0.0,0.001050962807439868
имеющ,0.0,0.0011970322572978026
аналог,0.0,0.001050962807439868
федеральн,0.0,0.000525481403719934
антимонопольн,0.0,0.001050962807439868
счита,0.0,0.0016024180466090079
дел,0.0,0.0016024180466090079
конкуренц,0.0,0.002101925614879736
итог,0.0,0.001050962807439868
заседан,0.0,0.001050962807439868
методическ,0.0,0.001050962807439868
учет,0.0,0.000525481403719934
обь,0.0,0.003031727074809378
экономик,0.0,0.000525481403719934
связ,0.0,0.0033385113601257605
орга,0.0,0.000525481403719934
вырабатыва,0.0,0.000525481403719934
рынок,0.0,0.0053078676373401286
конкурент,0.0,0.000525481403719934
создава,0.0,0.0019388952222618113
сообщен,0.0,0.002144478884496718
замглав,0.0,0.0015764442111598019
андр,0.0,0.0015764442111598019
кашевар,0.0,0.000525481403719934
чьи,0.0,0.000525481403719934
заявлен,0.0,0.0007702897681875476
агрегатор,0.0,0.000525481403719934
такс,0.0,0.0036102938189143665
препятствова,0.0,0.000525481403719934
правильн,0.0,0.000525481403719934
ограничива,0.0,0.001050962807439868
выбор,0.0,0.001050962807439868
водител,0.0,0.002109072959135169
реч,0.0,0.000525481403719934
невозможн,0.0,0.000525481403719934
одновремен,0.0,0.000525481403719934
осуществля,0.0,0.000525481403719934
заказ,0.0,0.0011756755574987526
принудительн,0.0,0.000525481403719934
блокировк,0.0,0.000525481403719934
содержа,0.0,0.000525481403719934
признак,0.0,0.000525481403719934
очеред,0.0,0.0011756755574987526
голомолзин,0.0,0.001050962807439868
цел,0.0,0.0011138370472648402
борьб,0.0,0.000525481403719934
наканун,0.0,0.000525481403719934
возбуд,0.0,0.000525481403719934
отношен,0.0,0.000525481403719934
headhunter,0.0,0.000525481403719934
superjob,0.0,0.000525481403719934
rabota,0.0,0.000525481403719934
программн,0.0,0.0023513511149975052
обеспечен,0.0,0.000525481403719934
автоматизирова,0.0,0.000525481403719934
персона,0.0,0.000525481403719934
сторонник,0.0,0.000525481403719934
потребител,0.0,0.000525481403719934
препятств,0.0,0.000525481403719934
появлен,0.0,0.0011756755574987526
обраща,0.0,0.000525481403719934
кейс,0.0,0.000525481403719934
прич,0.0,0.000525481403719934
кажд,0.0,0.0017400890324334839
сложн,0.0,0.000525481403719934
изощрен,0.0,0.000525481403719934
быстр,0.0,0.000525481403719934
меня,0.0,0.000525481403719934
подпада,0.0,0.000525481403719934
соответств,0.0,0.000525481403719934
нормативн,0.0,0.000525481403719934
регулирован,0.0,0.000525481403719934
благодар,0.0,0.0018686122856440054
детальн,0.0,0.000525481403719934
плодотворн,0.0,0.000525481403719934
обсужден,0.0,0.000525481403719934
увер,0.0,0.0018111111982612477
подвест,0.0,0.000525481403719934
цыган,0.0,0.000525481403719934
лифе#технолог,0.0,0.0010304132553390884
пуга,0.0,0.0010304132553390884
нест,0.0,0.0010304132553390884
опасн,0.0,0.0010304132553390884
строчк,0.0,0.0010304132553390884
распознаван,0.0,0.0010304132553390884
вышеуказа,0.0,0.002060826510678177
издан,0.0,0.002060826510678177
отмеча,0.0,0.0028892039003002483
отслеживан,0.0,0.0010304132553390884
поимк,0.0,0.0010304132553390884
преступник,0.0,0.0010304132553390884
человек,0.0,0.002060826510678177
лиша,0.0,0.0010304132553390884
пространств,0.0,0.0016146852749595031
шаг,0.0,0.0010304132553390884
заран,0.0,0.0010304132553390884
активн,0.0,0.0011803440035337144
google,0.0,0.0053123666069913675
умеющ,0.0,0.0010304132553390884
дополня,0.0,0.0010304132553390884
поисков,0.0,0.0010304132553390884
запрос,0.0,0.0010304132553390884
uber,0.0,0.0010304132553390884
строя,0.0,0.0010304132553390884
маршрут,0.0,0.0015857297928449198
автор,0.0,0.002163092186421666
опаса,0.0,0.0010304132553390884
понима,0.0,0.002146790416644625
помим,0.0,0.0010304132553390884
посоветова,0.0,0.0010304132553390884
остерега,0.0,0.0010304132553390884
последн,0.0,0.002612769870819363
например,0.0,0.002060826510678177
duplex,0.0,0.0010304132553390884
забронирова,0.0,0.0010304132553390884
номер,0.0,0.0010304132553390884
самостоятельн,0.0,0.0010304132553390884
куп,0.0,0.0027087363977140928
билет,0.0,0.0010304132553390884
кин,0.0,0.0010304132553390884
про,0.0,0.0010304132553390884
противореч,0.0,0.0010304132553390884
редактирован,0.0,0.0010304132553390884
днк,0.0,0.002060826510678177
инициатив,0.0,0.0010304132553390884
учен,0.0,0.0010304132553390884
кита,0.0,0.0010304132553390884
примен,0.0,0.0010304132553390884
выработк,0.0,0.0010304132553390884
иммунитет,0.0,0.0010304132553390884
спид,0.0,0.0010304132553390884
заключен,0.0,0.0010304132553390884
amazon,0.0,0.001523891282611007
запатентова,0.0,0.0010304132553390884
браслет,0.0,0.0010304132553390884
тактильн,0.0,0.0010304132553390884
обратн,0.0,0.0010304132553390884
свидетельств,0.0,0.0010304132553390884
тепер,0.0,0.001523891282611007
слежк,0.0,0.0010304132553390884
выход,0.0,0.0010304132553390884
уровен,0.0,0.001455195886039743
подчеркива,0.0,0.0010304132553390884
автограф,0.0,0.0036888794541139365
интегрирова,0.0,0.0009222198635284841
trucks,0.0,0.005533319181170905
предназнач,0.0,0.0009222198635284841
распределен,0.0,0.0009222198635284841
груз,0.0,0.0013272597621247894
моделирован,0.0,0.0009222198635284841
логистическ,0.0,0.0018444397270569683
особен,0.0,0.00172974216752926
заключа,0.0,0.0013272597621247894
адаптивн,0.0,0.0009222198635284841
планирован,0.0,0.0009222198635284841
ресурс,0.0,0.0018444397270569683
перевозчик,0.0,0.0009222198635284841
соблюда,0.0,0.0009222198635284841
срок,0.0,0.0012515727116022546
оптимальн,0.0,0.0009222198635284841
распределя,0.0,0.0009222198635284841
загрузк,0.0,0.0009222198635284841
минимизирова,0.0,0.0009222198635284841
пробег,0.0,0.0018444397270569683
повыша,0.0,0.001841413415854288
прибыл,0.0,0.0009222198635284841
мониторинг,0.0,0.0030923372986086466
транспорт,0.0,0.005173611257702137
служ,0.0,0.0009222198635284841
основн,0.0,0.0010924803474657901
источник,0.0,0.0019346163976861907
транспортн,0.0,0.0018444397270569683
разработчик,0.0,0.0015387137519506174
комплекс,0.0,0.0009222198635284841
предъявля,0.0,0.0009222198635284841
жестк,0.0,0.0009222198635284841
требован,0.0,0.0018444397270569683
надежн,0.0,0.001436027626543083
телематическ,0.0,0.0018444397270569683
оборудован,0.0,0.0027666595905854524
бортов,0.0,0.0009222198635284841
контроллер,0.0,0.0009222198635284841
полност,0.0,0.0018188374518006375
отвеча,0.0,0.0009222198635284841
модул,0.0,0.0009222198635284841
интеграц,0.0,0.0009222198635284841
успешн,0.0,0.0009222198635284841
глонасс,0.0,0.0009222198635284841
gps,0.0,0.0009222198635284841
контрол,0.0,0.0013272597621247894
основ,0.0,0.0012515727116022546
спутников,0.0,0.0009222198635284841
поступа,0.0,0.0009222198635284841
фактическ,0.0,0.0018444397270569683
местоположен,0.0,0.0009222198635284841
объект,0.0,0.0036209883214746636
отображен,0.0,0.0009222198635284841
карт,0.0,0.0018343433124297988
определя,0.0,0.0009222198635284841
операц,0.0,0.0009222198635284841
просматрива,0.0,0.0009222198635284841
передвижен,0.0,0.0009222198635284841
промежуток,0.0,0.0009222198635284841
времен,0.0,0.0009222198635284841
состоян,0.0,0.0010924803474657901
погрузк,0.0,0.0009222198635284841
транспортировк,0.0,0.0009222198635284841
разгрузк,0.0,0.0009222198635284841
т,0.0,0.0010924803474657901
д,0.0,0.0010924803474657901
оперативн,0.0,0.001379224363030857
уведомлен,0.0,0.0009222198635284841
отклонен,0.0,0.0009222198635284841
запланирова,0.0,0.0009222198635284841
событ,0.0,0.0010924803474657901
марк,0.0,0.0021231221846976676
руководител,0.0,0.0009222198635284841
диспетчер,0.0,0.0009222198635284841
точн,0.0,0.0009222198635284841
инструмент,0.0,0.0009222198635284841
снижа,0.0,0.0014978661367769954
затрат,0.0,0.0009222198635284841
oneplus,0.0,0.006415442528893802
запущ,0.0,0.0016038606322234506
производств,0.0,0.003292079143853708
продаж,0.0,0.00838328402319318
обеща,0.0,0.0016038606322234506
бол,0.0,0.0019895868510041463
миллион,0.0,0.0029485318647764153
смартфон,0.0,0.008341618473924822
недостаток,0.0,0.0016038606322234506
xiaomi,0.0,0.005561299329337929
mi,0.0,0.006546737577217532
9,0.0,0.0031076242289128793
повтор,0.0,0.003207721264446901
предшественник,0.0,0.0016038606322234506
обеспеч,0.0,0.0018051319360633182
идеальн,0.0,0.0016038606322234506
баланс,0.0,0.0016038606322234506
характеристик,0.0,0.0027529499765884704
рассчитыва,0.0,0.0016038606322234506
созда,0.0,0.0023879025368908624
складск,0.0,0.003292079143853708
запас,0.0,0.0035353362234488094
глав,0.0,0.002611448049726497
лю,0.0,0.0016038606322234506
цзох,0.0,0.0016038606322234506
liu,0.0,0.0016038606322234506
zuohu,0.0,0.0016038606322234506
приступ,0.0,0.0016038606322234506
свыш,0.0,0.0016038606322234506
штук,0.0,0.0016038606322234506
спрос,0.0,0.0028003584296265567
удовлетвор,0.0,0.0016038606322234506
жела,0.0,0.0016038606322234506
гарантирова,0.0,0.0016038606322234506
04,0.0,0.0006027580807375713
|,0.0,0.0012055161614751425
рубрик,0.0,0.0006027580807375713
hardware,0.0,0.0006027580807375713
кузнец,0.0,0.0006027580807375713
прочита,0.0,0.0006027580807375713
1262,0.0,0.0006027580807375713
голос,0.0,0.0006027580807375713
5,0.0,0.003958038057935152
рейберт,0.0,0.0025382198078765616
финальн,0.0,0.0008460732692921873
верс,0.0,0.0016921465385843746
четвероног,0.0,0.0008460732692921873
spotmini,0.0,0.004230366346460936
коммерческ,0.0,0.002459599360350471
лет,0.0,0.0022931253965404554
boston,0.0,0.0016921465385843746
dynamics,0.0,0.0016921465385843746
серийн,0.0,0.0008460732692921873
робопс,0.0,0.0016921465385843746
июл,0.0,0.0008460732692921873
август,0.0,0.0008460732692921873
окол,0.0,0.0018985803467893067
сотн,0.0,0.0008460732692921873
сход,0.0,0.0010306418372318777
сборочн,0.0,0.0008460732692921873
лин,0.0,0.0008460732692921873
пок,0.0,0.003657500050280775
бет,0.0,0.0008460732692921873
тестирован,0.0,0.0008460732692921873
инженер,0.0,0.0008460732692921873
постоя,0.0,0.0012654212518908767
внос,0.0,0.0008460732692921873
поправк,0.0,0.0008460732692921873
заработа,0.0,0.0008460732692921873
успех,0.0,0.0008460732692921873
маск,0.0,0.0008460732692921873
безос,0.0,0.0008460732692921873
встреча,0.0,0.0008460732692921873
рассылк,0.0,0.0008460732692921873
money+,0.0,0.0008460732692921873
создател,0.0,0.0008460732692921873
утвержда,0.0,0.0008460732692921873
корпус,0.0,0.001672532806034187
защища,0.0,0.0008460732692921873
внутрен,0.0,0.0008460732692921873
дета,0.0,0.0008460732692921873
паден,0.0,0.0008460732692921873
камер,0.0,0.0018437479456271683
обеспечива,0.0,0.0023596273641887724
кругов,0.0,0.0008460732692921873
обзор,0.0,0.0008460732692921873
продемонстрирова,0.0,0.0008460732692921873
застав,0.0,0.0008460732692921873
тащ,0.0,0.0008460732692921873
упряжк,0.0,0.0008460732692921873
грузовик,0.0,0.0008460732692921873
кром,0.0,0.0008460732692921873
част,0.0,0.0018887100302651069
ошибочн,0.0,0.0008460732692921873
голов,0.0,0.0008460732692921873
стабилизирова,0.0,0.0008460732692921873
остава,0.0,0.0010306418372318777
неподвижн,0.0,0.0008460732692921873
ве,0.0,0.0012654212518908767
двига,0.0,0.0008460732692921873
гибкост,0.0,0.0008460732692921873
андроид,0.0,0.0008460732692921873
techcrunch,0.0,0.0008460732692921873
продвига,0.0,0.0008460732692921873
handle,0.0,0.0008460732692921873
напомина,0.0,0.0008460732692921873
птиц,0.0,0.0008460732692921873
колес,0.0,0.0008460732692921873
коробк,0.0,0.0008460732692921873
вес,0.0,0.0008460732692921873
кг,0.0,0.0008460732692921873
автономн,0.0,0.0008460732692921873
тренд,0.0,0.0010306418372318777
пригод,0.0,0.0008460732692921873
трав,0.0,0.0008460732692921873
яд,0.0,0.0008460732692921873
сотрудник,0.0,0.0008460732692921873
сша,0.0,0.002015761881790988
южн,0.0,0.0013365505268528755
кор,0.0,0.0013365505268528755
мобильн,0.0,0.005346202107411502
g,0.0,0.004101248103323843
стабильн,0.0,0.0013365505268528755
настоя,0.0,0.002167671661180477
перелож,0.0,0.0013365505268528755
забот,0.0,0.0013365505268528755
стан,0.0,0.0013365505268528755
окончательн,0.0,0.0013365505268528755
зависим,0.0,0.0013365505268528755
тогд,0.0,0.0013365505268528755
внезапн,0.0,0.0013365505268528755
отключ,0.0,0.0013365505268528755
вед,0.0,0.001588049887255058
статистик,0.0,0.0013365505268528755
подавля,0.0,0.0013365505268528755
большинств,0.0,0.0013365505268528755
подключен,0.0,0.0013365505268528755
сим,0.0,0.0013365505268528755
модем,0.0,0.0013365505268528755
автомоб,0.0,0.0013365505268528755
протез,0.0,0.0013365505268528755
…,0.0,0.0013365505268528755
экспертн,0.0,0.0013365505268528755
2020,0.0,0.0013365505268528755
превзойт,0.0,0.0013365505268528755
телефон,0.0,0.0013365505268528755
пк,0.0,0.0021553146274534405
нескольк,0.0,0.0020708484919209035
миллиард,0.0,0.0013365505268528755
инфраструктур,0.0,0.0013365505268528755
смарт,0.0,0.0013365505268528755
подконтрольн,0.0,0.0013365505268528755
городск,0.0,0.0020043465242725864
рухнут,0.0,0.0013365505268528755
отключен,0.0,0.0013365505268528755
накр,0.0,0.0013365505268528755
блэкаут,0.0,0.0013365505268528755
масштаб,0.0,0.0013365505268528755
катастроф,0.0,0.0013365505268528755
содержан,0.0,0.004272833344533517
выхлопн,0.0,0.0035606944537779307
газ,0.0,0.004272833344533517
проходя,0.0,0.0014242777815111722
бельт,0.0,0.0014242777815111722
беспилотн,0.0,0.006670271068860296
летательн,0.0,0.0021364166722667587
аппарат,0.0,0.0021364166722667587
dronedj,0.0,0.0007121388907555861
ссылк,0.0,0.0007121388907555861
европейск,0.0,0.0015086783314859783
агентств,0.0,0.0007121388907555861
морск,0.0,0.0007121388907555861
безопасн,0.0,0.0007121388907555861
emsa,0.0,0.0007121388907555861
корабл,0.0,0.0007121388907555861
крупн,0.0,0.0014242777815111722
выброс,0.0,0.0021364166722667587
атмосфер,0.0,0.0007121388907555861
широк,0.0,0.0007121388907555861
guardian,0.0,0.0007121388907555861
2009,0.0,0.0007121388907555861
сопоставим,0.0,0.0007121388907555861
автомобил,0.0,0.0014972629739675772
высок,0.0,0.0013272597621247894
мазут,0.0,0.0007121388907555861
использова,0.0,0.002296856004552121
топлив,0.0,0.0014242777815111722
порядок,0.0,0.0015086783314859783
выш,0.0,0.0007121388907555861
дизельн,0.0,0.0007121388907555861
прол,0.0,0.0007121388907555861
датчанин,0.0,0.0007121388907555861
установлен,0.0,0.0007121388907555861
дрон,0.0,0.0014242777815111722
расстоян,0.0,0.0007121388907555861
100,0.0,0.0007121388907555861
метр,0.0,0.0007121388907555861
видеопоток,0.0,0.0014242777815111722
подробн,0.0,0.0010809663369500486
используем,0.0,0.0007121388907555861
судн,0.0,0.0007121388907555861
беспилотник,0.0,0.005410725202134018
десят,0.0,0.0007121388907555861
нижн,0.0,0.0007121388907555861
вид,0.0,0.0009218739728135842
установ,0.0,0.0007121388907555861
skeldar,0.0,0.0007121388907555861
v,0.0,0.0014242777815111722
200,0.0,0.0021420916353521854
saab,0.0,0.0007121388907555861
четырехметров,0.0,0.0007121388907555861
максимальн,0.0,0.0021420916353521854
взлетн,0.0,0.0007121388907555861
масс,0.0,0.0018437479456271683
235,0.0,0.0007121388907555861
килограмм,0.0,0.0014242777815111722
брат,0.0,0.0007121388907555861
борт,0.0,0.0007121388907555861
40,0.0,0.0007121388907555861
шест,0.0,0.0010809663369500486
140,0.0,0.0007121388907555861
километр,0.0,0.0007121388907555861
химик,0.0,0.0007121388907555861
гибридн,0.0,0.0007121388907555861
катализатор,0.0,0.0007121388907555861
окислен,0.0,0.0007121388907555861
угарн,0.0,0.0007121388907555861
гексагональн,0.0,0.0007121388907555861
нитрид,0.0,0.0007121388907555861
бор,0.0,0.0007121388907555861
серебрян,0.0,0.0007121388907555861
наночастиц,0.0,0.0007121388907555861
материа,0.0,0.0007121388907555861
доб,0.0,0.0007121388907555861
полн,0.0,0.0007121388907555861
конверс,0.0,0.0007121388907555861
монооксид,0.0,0.0007121388907555861
углерод,0.0,0.0007121388907555861
194,0.0,0.0007121388907555861
градус,0.0,0.0007121388907555861
цельс,0.0,0.0007121388907555861
brand,0.0,0.002115183173230468
analytics,0.0,0.002115183173230468
сколков,0.0,0.001262483559308578
палитрумлаб,0.0,0.00042303663464609366
внедр,0.0,0.00042303663464609366
аналитическ,0.0,0.00042303663464609366
выявлен,0.0,0.0012691099039382808
агресс,0.0,0.0067685861543374986
мед,0.0,0.00042303663464609366
разработк,0.0,0.00042303663464609366
обнаружен,0.0,0.0012691099039382808
очаг,0.0,0.0008460732692921873
напряжен,0.0,0.0008460732692921873
инфопол,0.0,0.0008460732692921873
вокруг,0.0,0.0012691099039382808
бренд,0.0,0.0021849606949315803
регион,0.0,0.00042303663464609366
тематик,0.0,0.00042303663464609366
персон,0.0,0.00042303663464609366
выявля,0.0,0.0016921465385843746
кибербуллинг,0.0,0.0008460732692921873
процвета,0.0,0.00042303663464609366
раздража,0.0,0.00042303663464609366
нетабуирова,0.0,0.00042303663464609366
травл,0.0,0.00042303663464609366
настига,0.0,0.00042303663464609366
отдельн,0.0,0.00042303663464609366
люд,0.0,0.0008460732692921873
корпорац,0.0,0.00042303663464609366
ущерб,0.0,0.0008460732692921873
измеря,0.0,0.00042303663464609366
убыток,0.0,0.00042303663464609366
воздейств,0.0,0.00042303663464609366
нанест,0.0,0.00042303663464609366
намерен,0.0,0.0008460732692921873
снижен,0.0,0.001841413415854288
субъект,0.0,0.00042303663464609366
общепринят,0.0,0.00042303663464609366
классификац,0.0,0.00042303663464609366
относ,0.0,0.00042303663464609366
харасмент,0.0,0.00042303663464609366
расизм,0.0,0.00042303663464609366
сексизм,0.0,0.00042303663464609366
троллинг,0.0,0.00042303663464609366
запугиван,0.0,0.00042303663464609366
частн,0.0,0.00042303663464609366
защ,0.0,0.00042303663464609366
виртуальн,0.0,0.00042303663464609366
тролл,0.0,0.00042303663464609366
соблюден,0.0,0.00042303663464609366
несложн,0.0,0.00042303663464609366
гиг,0.0,0.00042303663464609366
обойт,0.0,0.00042303663464609366
сигнальн,0.0,0.00042303663464609366
воврем,0.0,0.00042303663464609366
русскоязычн,0.0,0.00042303663464609366
соцмед,0.0,0.0008460732692921873
выяв,0.0,0.0008460732692921873
угроз,0.0,0.00042303663464609366
определ,0.0,0.0008460732692921873
тип,0.0,0.0008460732692921873
интенсивн,0.0,0.00042303663464609366
практическ,0.0,0.0008461869222910494
начальн,0.0,0.00042303663464609366
инвективн,0.0,0.00042303663464609366
мот,0.0,0.00042303663464609366
общен,0.0,0.00042303663464609366
клиентск,0.0,0.00042303663464609366
весьм,0.0,0.00042303663464609366
актуальн,0.0,0.00042303663464609366
розничн,0.0,0.00042303663464609366
обнаружива,0.0,0.0008460732692921873
opinion,0.0,0.00042303663464609366
реакц,0.0,0.00042303663464609366
агрессивн,0.0,0.002115183173230468
возмущен,0.0,0.00042303663464609366
trolling,0.0,0.00042303663464609366
номинац,0.0,0.00042303663464609366
направ,0.0,0.00042303663464609366
пожелан,0.0,0.00042303663464609366
call,0.0,0.00042303663464609366
приз,0.0,0.00042303663464609366
натал,0.0,0.00042303663464609366
соколов,0.0,0.00042303663464609366
интеллектуальн,0.0,0.00042303663464609366
анализ,0.0,0.0008460732692921873
естествен,0.0,0.00042303663464609366
text,0.0,0.00042303663464609366
mining,0.0,0.00042303663464609366
ключев,0.0,0.0008461869222910494
big,0.0,0.00042303663464609366
data,0.0,0.00042303663464609366
смысл,0.0,0.00042303663464609366
происходя,0.0,0.00042303663464609366
эмотивн,0.0,0.00042303663464609366
текст,0.0,0.00042303663464609366
маркер,0.0,0.00042303663464609366
обществен,0.0,0.00042303663464609366
деятельн,0.0,0.00042303663464609366
дава,0.0,0.0008460732692921873
проблемн,0.0,0.00042303663464609366
зон,0.0,0.00042303663464609366
предотвраща,0.0,0.00042303663464609366
отрицательн,0.0,0.00042303663464609366
последств,0.0,0.00042303663464609366
светла,0.0,0.00042303663464609366
подгорн,0.0,0.00042303663464609366
советник,0.0,0.00042303663464609366
антикризисн,0.0,0.00042303663464609366
rights,0.0,0.00042303663464609366
business,0.0,0.00042303663464609366
standard,0.0,0.00042303663464609366
фильтр,0.0,0.00042303663464609366
применен,0.0,0.00042303663464609366
указыва,0.0,0.0008460732692921873
готовн,0.0,0.00042303663464609366
офлайн,0.0,0.00042303663464609366
вербальн,0.0,0.00042303663464609366
обычн,0.0,0.00042303663464609366
заметн,0.0,0.0008460732692921873
митинг,0.0,0.00042303663464609366
повышен,0.0,0.00042303663464609366
формирован,0.0,0.00042303663464609366
волн,0.0,0.00042303663464609366
разряжен,0.0,0.00042303663464609366
сформирова,0.0,0.00042303663464609366
семантическ,0.0,0.00042303663464609366
ядр,0.0,0.0008461869222910494
допуст,0.0,0.00042303663464609366
всплеск,0.0,0.0008460732692921873
упоминаем,0.0,0.00042303663464609366
взгляд,0.0,0.00042303663464609366
разрозн,0.0,0.00042303663464609366
частотк,0.0,0.00042303663464609366
репост,0.0,0.00042303663464609366
дубл,0.0,0.00042303663464609366
фильтрац,0.0,0.00042303663464609366
суз,0.0,0.00042303663464609366
пристальн,0.0,0.00042303663464609366
изучен,0.0,0.00042303663464609366
обработк,0.0,0.00042303663464609366
негативн,0.0,0.00042303663464609366
резонансн,0.0,0.00042303663464609366
беспроводн,0.0,0.0036403415665598056
утюг,0.0,0.006067235944266342
cordless,0.0,0.0048537887554130745
steam,0.0,0.0048537887554130745
iron,0.0,0.0048537887554130745
$,0.0,0.0036403415665598056
неизвестн,0.0,0.0012134471888532686
поступ,0.0,0.0024268943777065372
ассортимент,0.0,0.0012134471888532686
пополн,0.0,0.0012134471888532686
функц,0.0,0.0024268943777065372
отпариван,0.0,0.0024268943777065372
передов,0.0,0.0012134471888532686
громк,0.0,0.0012134471888532686
функциональн,0.0,0.0012134471888532686
невысок,0.0,0.0012134471888532686
потребля,0.0,0.0012134471888532686
достига,0.0,0.0024268943777065372
2000,0.0,0.0012134471888532686
нем,0.0,0.0012134471888532686
предусмотрет,0.0,0.0012134471888532686
резервуар,0.0,0.0012134471888532686
280,0.0,0.0028461415233789755
мл,0.0,0.0012134471888532686
вод,0.0,0.0012134471888532686
фиксир,0.0,0.0012134471888532686
зарядн,0.0,0.0024268943777065372
станц,0.0,0.0012134471888532686
механическ,0.0,0.0012134471888532686
замок,0.0,0.0012134471888532686
разблокируем,0.0,0.0012134471888532686
кнопк,0.0,0.0012134471888532686
отсоединен,0.0,0.0012134471888532686
нагр,0.0,0.0024268943777065372
течен,0.0,0.0019043745281108876
конструкц,0.0,0.0012134471888532686
алюминиев,0.0,0.0012134471888532686
сплав,0.0,0.0012134471888532686
керамик,0.0,0.0012134471888532686
°,0.0,0.0012134471888532686
c,0.0,0.0012134471888532686
ув,0.0,0.001488077891093359
магазин,0.0,0.0050704164257357924
apple,0.0,0.006098454985449196
монитор,0.0,0.010539655583182674
4k,0.0,0.006587284739489172
ultrafine,0.0,0.006587284739489172
исчезнут,0.0,0.0026349138957956686
прекрат,0.0,0.0013174569478978343
наибол,0.0,0.0013174569478978343
подходя,0.0,0.0013174569478978343
mac,0.0,0.0013174569478978343
учитыва,0.0,0.0013174569478978343
продава,0.0,0.0013174569478978343
купертинц,0.0,0.0013174569478978343
доступн,0.0,0.0013174569478978343
5k,0.0,0.0013174569478978343
display,0.0,0.0013174569478978343
1300,0.0,0.0013174569478978343
доллар,0.0,0.006791566955572712
исчезновен,0.0,0.0013174569478978343
700,0.0,0.0013174569478978343
продавц,0.0,0.0013174569478978343
расчища,0.0,0.0013174569478978343
правд,0.0,0.0015725440266258963
6k,0.0,0.0013174569478978343
конкурирова,0.0,0.0013174569478978343
власт,0.0,0.0022631162295177524
яндекс,0.0,0.005657790573794381
пообеща,0.0,0.0022631162295177524
3–4,0.0,0.0022631162295177524
запуск,0.0,0.0022631162295177524
роботизирова,0.0,0.0011315581147588762
страничк,0.0,0.0011315581147588762
заметк,0.0,0.0011315581147588762
протестирова,0.0,0.0011315581147588762
лас,0.0,0.0011315581147588762
вегас,0.0,0.0011315581147588762
иннополис,0.0,0.0011315581147588762
тест,0.0,0.0011315581147588762
израил,0.0,0.0011315581147588762
международн,0.0,0.0011315581147588762
самм,0.0,0.0011315581147588762
лидер,0.0,0.0011315581147588762
операцион,0.0,0.0016678693486197834
грег,0.0,0.0011315581147588762
абовск,0.0,0.0022631162295177524
сниз,0.0,0.0027682241982122575
загружен,0.0,0.0022631162295177524
улиц,0.0,0.0022631162295177524
развива,0.0,0.0011315581147588762
сегодняшн,0.0,0.0011315581147588762
дтп,0.0,0.0011315581147588762
затор,0.0,0.0011315581147588762
аварийн,0.0,0.0011315581147588762
соответствен,0.0,0.0018492879179809719
сократ,0.0,0.0011315581147588762
скидк,0.0,0.0022912294746049297
предлага,0.0,0.0011456147373024648
pixel,0.0,0.012601762110327111
xl,0.0,0.005728073686512324
европ,0.0,0.0011456147373024648
подешевет,0.0,0.0022912294746049297
почт,0.0,0.0011456147373024648
устро,0.0,0.0011456147373024648
аттракцион,0.0,0.0011456147373024648
неслыха,0.0,0.0011456147373024648
щедрост,0.0,0.0011456147373024648
ряд,0.0,0.0011456147373024648
сильн,0.0,0.0016792847061381845
ак,0.0,0.0011456147373024648
герман,0.0,0.0011456147373024648
250,0.0,0.0011456147373024648
евр,0.0,0.0011456147373024648
великобритан,0.0,0.0011456147373024648
150,0.0,0.0011456147373024648
фунт,0.0,0.0011456147373024648
стерлинг,0.0,0.0011456147373024648
190,0.0,0.0011456147373024648
799,0.0,0.0011456147373024648
899,0.0,0.0011456147373024648
цент,0.0,0.0011456147373024648
выпуск,0.0,0.0019356309241772003
октябр,0.0,0.0011456147373024648
анонс,0.0,0.0011456147373024648
3a,0.0,0.004582458949209859
распродава,0.0,0.0011456147373024648
прошлогодн,0.0,0.0011456147373024648
флагман,0.0,0.0011456147373024648
дебют,0.0,0.0011456147373024648
ожида,0.0,0.00236334291871313
дешев,0.0,0.0011456147373024648
оригинальн,0.0,0.0011456147373024648
стартов,0.0,0.0011456147373024648
них,0.0,0.0011456147373024648
500,0.0,0.0011456147373024648
неожида,0.0,0.0030057850664182663
qualcomm,0.0,0.0024757580228952593
встроен,0.0,0.0024757580228952593
мод,0.0,0.0024757580228952593
нанометров,0.0,0.0018568185171714447
snapdragon,0.0,0.0049515160457905185
735,0.0,0.003094697528619074
soc,0.0,0.0018568185171714447
однокристальн,0.0,0.0006189395057238148
интересн,0.0,0.0006189395057238148
почерпнут,0.0,0.0006189395057238148
перечен,0.0,0.0006189395057238148
налич,0.0,0.0006189395057238148
таков,0.0,0.0006189395057238148
флагманск,0.0,0.0012378790114476296
855,0.0,0.0006189395057238148
идущ,0.0,0.0006189395057238148
смен,0.0,0.0006189395057238148
865,0.0,0.0006189395057238148
флагма,0.0,0.0006189395057238148
баз,0.0,0.0012515727116022546
впроч,0.0,0.0006189395057238148
cpu,0.0,0.0006189395057238148
высокопроизводительн,0.0,0.0006189395057238148
kryo,0.0,0.0012378790114476296
4xx,0.0,0.0012378790114476296
разн,0.0,0.0006189395057238148
тактов,0.0,0.0006189395057238148
частот,0.0,0.0043325765400667035
ггц,0.0,0.0018568185171714447
энергоэффективн,0.0,0.0006189395057238148
8,0.0,0.0012515727116022546
gpu,0.0,0.0012378790114476296
adreno,0.0,0.0012378790114476296
620,0.0,0.0006189395057238148
750,0.0,0.0006189395057238148
мгц,0.0,0.0018568185171714447
сравнен,0.0,0.0006189395057238148
845,0.0,0.0006189395057238148
630,0.0,0.0006189395057238148
710,0.0,0.0006189395057238148
нейрон,0.0,0.0006189395057238148
процессор,0.0,0.0006189395057238148
npu,0.0,0.0006189395057238148
220,0.0,0.0006189395057238148
16,0.0,0.0006189395057238148
гб,0.0,0.0006189395057238148
памят,0.0,0.0006189395057238148
lpddr4x,0.0,0.0006189395057238148
2133,0.0,0.0006189395057238148
диспл,0.0,0.0006189395057238148
разрешен,0.0,0.0006189395057238148
3360,0.0,0.0006189395057238148
х,0.0,0.0006189395057238148
1440,0.0,0.0006189395057238148
пиксел,0.0,0.0006189395057238148
hdr10,0.0,0.0006189395057238148
аппаратн,0.0,0.0006189395057238148
декодирован,0.0,0.0006189395057238148
4к,0.0,0.0006189395057238148
60,0.0,0.0006189395057238148
производ,0.0,0.0006189395057238148
норм,0.0,0.0006189395057238148
нм,0.0,0.0006189395057238148
вряд,0.0,0.0006189395057238148
кварта,0.0,0.0006189395057238148
недавн,0.0,0.0006189395057238148
вышл,0.0,0.0006189395057238148
sanpdragon,0.0,0.0006189395057238148
730,0.0,0.0012378790114476296
ну,0.0,0.0006189395057238148
весн,0.0,0.0006189395057238148
asus,0.0,0.004611099317642421
android,0.0,0.0036888794541139365
планшет,0.0,0.006455539044699388
ход,0.0,0.0009222198635284841
cnbeta,0.0,0.0009222198635284841
где,0.0,0.0009222198635284841
сведен,0.0,0.0009222198635284841
тех,0.0,0.0018444397270569683
поставля,0.0,0.0009222198635284841
комплект,0.0,0.0009222198635284841
следовательн,0.0,0.0009222198635284841
zenpad,0.0,0.0009222198635284841
вполн,0.0,0.0009222198635284841
закономерн,0.0,0.0009222198635284841
раст,0.0,0.0009222198635284841
выпуска,0.0,0.0009222198635284841
остальн,0.0,0.0009222198635284841
планомерн,0.0,0.0009222198635284841
показател,0.0,0.0009222198635284841
реализац,0.0,0.0009222198635284841
стремительн,0.0,0.0009222198635284841
увеличен,0.0,0.0009222198635284841
размер,0.0,0.0009222198635284841
предлож,0.0,0.0009222198635284841
покупател,0.0,0.0009222198635284841
диагонал,0.0,0.0009222198635284841
экра,0.0,0.0018444397270569683
производительн,0.0,0.0009222198635284841
множеств,0.0,0.0009222198635284841
sony,0.0,0.0009222198635284841
motorola,0.0,0.0009222198635284841
acer,0.0,0.0009222198635284841
пополнен,0.0,0.0009222198635284841
складн,0.0,0.0009222198635284841
уменьш,0.0,0.0009222198635284841
